ISO-10303-21;
HEADER;
/* Generated by software containing ST-Developer
 * from STEP Tools, Inc. (www.steptools.com) 
 */

FILE_DESCRIPTION(
/* description */ (''),
/* implementation_level */ '2;1');

FILE_NAME(
/* name */ 'E1_Pro_Mount_Front.step',
/* time_stamp */ '2026-02-15T12:31:00+01:00',
/* author */ (''),
/* organization */ (''),
/* preprocessor_version */ 'ST-DEVELOPER v20.1',
/* originating_system */ 'Autodesk Translation Framework v14.21.0.0',
/* authorisation */ '');

FILE_SCHEMA (('AUTOMOTIVE_DESIGN { 1 0 10303 214 3 1 1 }'));
ENDSEC;

DATA;
#10=MECHANICAL_DESIGN_GEOMETRIC_PRESENTATION_REPRESENTATION('',(#22,#23,
#24,#25),#3304);
#11=SHAPE_REPRESENTATION_RELATIONSHIP('SRR','None',#3310,#12);
#12=ADVANCED_BREP_SHAPE_REPRESENTATION('',(#26,#27,#28,#29),#3303);
#13=FACE_BOUND('',#220,.T.);
#14=FACE_BOUND('',#234,.T.);
#15=FACE_BOUND('',#240,.T.);
#16=FACE_BOUND('',#278,.T.);
#17=FACE_BOUND('',#279,.T.);
#18=FACE_BOUND('',#280,.T.);
#19=FACE_BOUND('',#281,.T.);
#20=FACE_BOUND('',#282,.T.);
#21=FACE_BOUND('',#284,.T.);
#22=STYLED_ITEM('',(#3326),#26);
#23=STYLED_ITEM('',(#3326),#27);
#24=STYLED_ITEM('',(#3326),#28);
#25=STYLED_ITEM('',(#3326),#29);
#26=MANIFOLD_SOLID_BREP('Body2',#2041);
#27=MANIFOLD_SOLID_BREP('Body3',#2042);
#28=MANIFOLD_SOLID_BREP('Body4',#2043);
#29=MANIFOLD_SOLID_BREP('Body5',#2044);
#30=CIRCLE('',#2048,1.5);
#31=CIRCLE('',#2049,1.5);
#32=CIRCLE('',#2052,1.5);
#33=CIRCLE('',#2053,1.5);
#34=CIRCLE('',#2056,1.5);
#35=CIRCLE('',#2057,1.5);
#36=CIRCLE('',#2060,1.49999999999997);
#37=CIRCLE('',#2061,1.49999999999997);
#38=CIRCLE('',#2087,4.99999999999997);
#39=CIRCLE('',#2088,5.);
#40=CIRCLE('',#2089,5.);
#41=CIRCLE('',#2090,5.00000000000001);
#42=CIRCLE('',#2091,3.05874387089108);
#43=CIRCLE('',#2092,3.0587438708911);
#44=CIRCLE('',#2093,3.05874387089107);
#45=CIRCLE('',#2094,3.05874387089108);
#46=CIRCLE('',#2100,3.05874387089108);
#47=CIRCLE('',#2102,3.0587438708911);
#48=CIRCLE('',#2104,3.05874387089108);
#49=CIRCLE('',#2106,3.05874387089107);
#50=CIRCLE('',#2128,5.00000000000001);
#51=CIRCLE('',#2131,5.);
#52=CIRCLE('',#2134,5.);
#53=CIRCLE('',#2137,4.99999999999997);
#54=CIRCLE('',#2158,3.);
#55=CIRCLE('',#2159,2.99999999999997);
#56=CIRCLE('',#2160,3.00000000000001);
#57=CIRCLE('',#2161,3.);
#58=CIRCLE('',#2163,3.);
#59=CIRCLE('',#2164,3.00000000000001);
#60=CIRCLE('',#2165,2.99999999999997);
#61=CIRCLE('',#2166,3.);
#62=CYLINDRICAL_SURFACE('',#2047,1.5);
#63=CYLINDRICAL_SURFACE('',#2051,1.5);
#64=CYLINDRICAL_SURFACE('',#2055,1.5);
#65=CYLINDRICAL_SURFACE('',#2059,1.49999999999997);
#66=CYLINDRICAL_SURFACE('',#2099,3.05874387089108);
#67=CYLINDRICAL_SURFACE('',#2101,3.0587438708911);
#68=CYLINDRICAL_SURFACE('',#2103,3.05874387089108);
#69=CYLINDRICAL_SURFACE('',#2105,3.05874387089107);
#70=CYLINDRICAL_SURFACE('',#2127,5.00000000000001);
#71=CYLINDRICAL_SURFACE('',#2130,5.);
#72=CYLINDRICAL_SURFACE('',#2133,5.);
#73=CYLINDRICAL_SURFACE('',#2136,4.99999999999997);
#74=CYLINDRICAL_SURFACE('',#2167,3.);
#75=CYLINDRICAL_SURFACE('',#2169,2.99999999999997);
#76=CYLINDRICAL_SURFACE('',#2171,3.00000000000001);
#77=CYLINDRICAL_SURFACE('',#2173,3.);
#78=FACE_OUTER_BOUND('',#187,.T.);
#79=FACE_OUTER_BOUND('',#188,.T.);
#80=FACE_OUTER_BOUND('',#189,.T.);
#81=FACE_OUTER_BOUND('',#190,.T.);
#82=FACE_OUTER_BOUND('',#191,.T.);
#83=FACE_OUTER_BOUND('',#192,.T.);
#84=FACE_OUTER_BOUND('',#193,.T.);
#85=FACE_OUTER_BOUND('',#194,.T.);
#86=FACE_OUTER_BOUND('',#195,.T.);
#87=FACE_OUTER_BOUND('',#196,.T.);
#88=FACE_OUTER_BOUND('',#197,.T.);
#89=FACE_OUTER_BOUND('',#198,.T.);
#90=FACE_OUTER_BOUND('',#199,.T.);
#91=FACE_OUTER_BOUND('',#200,.T.);
#92=FACE_OUTER_BOUND('',#201,.T.);
#93=FACE_OUTER_BOUND('',#202,.T.);
#94=FACE_OUTER_BOUND('',#203,.T.);
#95=FACE_OUTER_BOUND('',#204,.T.);
#96=FACE_OUTER_BOUND('',#205,.T.);
#97=FACE_OUTER_BOUND('',#206,.T.);
#98=FACE_OUTER_BOUND('',#207,.T.);
#99=FACE_OUTER_BOUND('',#208,.T.);
#100=FACE_OUTER_BOUND('',#209,.T.);
#101=FACE_OUTER_BOUND('',#210,.T.);
#102=FACE_OUTER_BOUND('',#211,.T.);
#103=FACE_OUTER_BOUND('',#212,.T.);
#104=FACE_OUTER_BOUND('',#213,.T.);
#105=FACE_OUTER_BOUND('',#214,.T.);
#106=FACE_OUTER_BOUND('',#215,.T.);
#107=FACE_OUTER_BOUND('',#216,.T.);
#108=FACE_OUTER_BOUND('',#217,.T.);
#109=FACE_OUTER_BOUND('',#218,.T.);
#110=FACE_OUTER_BOUND('',#219,.T.);
#111=FACE_OUTER_BOUND('',#221,.T.);
#112=FACE_OUTER_BOUND('',#222,.T.);
#113=FACE_OUTER_BOUND('',#223,.T.);
#114=FACE_OUTER_BOUND('',#224,.T.);
#115=FACE_OUTER_BOUND('',#225,.T.);
#116=FACE_OUTER_BOUND('',#226,.T.);
#117=FACE_OUTER_BOUND('',#227,.T.);
#118=FACE_OUTER_BOUND('',#228,.T.);
#119=FACE_OUTER_BOUND('',#229,.T.);
#120=FACE_OUTER_BOUND('',#230,.T.);
#121=FACE_OUTER_BOUND('',#231,.T.);
#122=FACE_OUTER_BOUND('',#232,.T.);
#123=FACE_OUTER_BOUND('',#233,.T.);
#124=FACE_OUTER_BOUND('',#235,.T.);
#125=FACE_OUTER_BOUND('',#236,.T.);
#126=FACE_OUTER_BOUND('',#237,.T.);
#127=FACE_OUTER_BOUND('',#238,.T.);
#128=FACE_OUTER_BOUND('',#239,.T.);
#129=FACE_OUTER_BOUND('',#241,.T.);
#130=FACE_OUTER_BOUND('',#242,.T.);
#131=FACE_OUTER_BOUND('',#243,.T.);
#132=FACE_OUTER_BOUND('',#244,.T.);
#133=FACE_OUTER_BOUND('',#245,.T.);
#134=FACE_OUTER_BOUND('',#246,.T.);
#135=FACE_OUTER_BOUND('',#247,.T.);
#136=FACE_OUTER_BOUND('',#248,.T.);
#137=FACE_OUTER_BOUND('',#249,.T.);
#138=FACE_OUTER_BOUND('',#250,.T.);
#139=FACE_OUTER_BOUND('',#251,.T.);
#140=FACE_OUTER_BOUND('',#252,.T.);
#141=FACE_OUTER_BOUND('',#253,.T.);
#142=FACE_OUTER_BOUND('',#254,.T.);
#143=FACE_OUTER_BOUND('',#255,.T.);
#144=FACE_OUTER_BOUND('',#256,.T.);
#145=FACE_OUTER_BOUND('',#257,.T.);
#146=FACE_OUTER_BOUND('',#258,.T.);
#147=FACE_OUTER_BOUND('',#259,.T.);
#148=FACE_OUTER_BOUND('',#260,.T.);
#149=FACE_OUTER_BOUND('',#261,.T.);
#150=FACE_OUTER_BOUND('',#262,.T.);
#151=FACE_OUTER_BOUND('',#263,.T.);
#152=FACE_OUTER_BOUND('',#264,.T.);
#153=FACE_OUTER_BOUND('',#265,.T.);
#154=FACE_OUTER_BOUND('',#266,.T.);
#155=FACE_OUTER_BOUND('',#267,.T.);
#156=FACE_OUTER_BOUND('',#268,.T.);
#157=FACE_OUTER_BOUND('',#269,.T.);
#158=FACE_OUTER_BOUND('',#270,.T.);
#159=FACE_OUTER_BOUND('',#271,.T.);
#160=FACE_OUTER_BOUND('',#272,.T.);
#161=FACE_OUTER_BOUND('',#273,.T.);
#162=FACE_OUTER_BOUND('',#274,.T.);
#163=FACE_OUTER_BOUND('',#275,.T.);
#164=FACE_OUTER_BOUND('',#276,.T.);
#165=FACE_OUTER_BOUND('',#277,.T.);
#166=FACE_OUTER_BOUND('',#283,.T.);
#167=FACE_OUTER_BOUND('',#285,.T.);
#168=FACE_OUTER_BOUND('',#286,.T.);
#169=FACE_OUTER_BOUND('',#287,.T.);
#170=FACE_OUTER_BOUND('',#288,.T.);
#171=FACE_OUTER_BOUND('',#289,.T.);
#172=FACE_OUTER_BOUND('',#290,.T.);
#173=FACE_OUTER_BOUND('',#291,.T.);
#174=FACE_OUTER_BOUND('',#292,.T.);
#175=FACE_OUTER_BOUND('',#293,.T.);
#176=FACE_OUTER_BOUND('',#294,.T.);
#177=FACE_OUTER_BOUND('',#295,.T.);
#178=FACE_OUTER_BOUND('',#296,.T.);
#179=FACE_OUTER_BOUND('',#297,.T.);
#180=FACE_OUTER_BOUND('',#298,.T.);
#181=FACE_OUTER_BOUND('',#299,.T.);
#182=FACE_OUTER_BOUND('',#300,.T.);
#183=FACE_OUTER_BOUND('',#301,.T.);
#184=FACE_OUTER_BOUND('',#302,.T.);
#185=FACE_OUTER_BOUND('',#303,.T.);
#186=FACE_OUTER_BOUND('',#304,.T.);
#187=EDGE_LOOP('',(#1275,#1276,#1277,#1278));
#188=EDGE_LOOP('',(#1279,#1280,#1281,#1282));
#189=EDGE_LOOP('',(#1283,#1284,#1285,#1286));
#190=EDGE_LOOP('',(#1287,#1288,#1289,#1290));
#191=EDGE_LOOP('',(#1291,#1292,#1293,#1294));
#192=EDGE_LOOP('',(#1295,#1296,#1297,#1298));
#193=EDGE_LOOP('',(#1299,#1300,#1301,#1302));
#194=EDGE_LOOP('',(#1303,#1304,#1305,#1306));
#195=EDGE_LOOP('',(#1307,#1308,#1309,#1310,#1311,#1312,#1313,#1314));
#196=EDGE_LOOP('',(#1315,#1316,#1317,#1318,#1319,#1320,#1321,#1322));
#197=EDGE_LOOP('',(#1323,#1324,#1325,#1326,#1327));
#198=EDGE_LOOP('',(#1328,#1329,#1330,#1331,#1332));
#199=EDGE_LOOP('',(#1333,#1334,#1335,#1336,#1337));
#200=EDGE_LOOP('',(#1338,#1339,#1340,#1341,#1342));
#201=EDGE_LOOP('',(#1343,#1344,#1345,#1346,#1347));
#202=EDGE_LOOP('',(#1348,#1349,#1350,#1351,#1352));
#203=EDGE_LOOP('',(#1353,#1354,#1355,#1356,#1357));
#204=EDGE_LOOP('',(#1358,#1359,#1360,#1361,#1362));
#205=EDGE_LOOP('',(#1363,#1364,#1365,#1366));
#206=EDGE_LOOP('',(#1367,#1368,#1369,#1370));
#207=EDGE_LOOP('',(#1371,#1372,#1373,#1374,#1375,#1376));
#208=EDGE_LOOP('',(#1377,#1378,#1379,#1380,#1381,#1382));
#209=EDGE_LOOP('',(#1383,#1384,#1385,#1386,#1387,#1388));
#210=EDGE_LOOP('',(#1389,#1390,#1391,#1392));
#211=EDGE_LOOP('',(#1393,#1394,#1395,#1396));
#212=EDGE_LOOP('',(#1397,#1398,#1399,#1400,#1401,#1402));
#213=EDGE_LOOP('',(#1403,#1404,#1405,#1406));
#214=EDGE_LOOP('',(#1407,#1408,#1409,#1410));
#215=EDGE_LOOP('',(#1411,#1412,#1413,#1414));
#216=EDGE_LOOP('',(#1415,#1416,#1417,#1418));
#217=EDGE_LOOP('',(#1419,#1420,#1421,#1422));
#218=EDGE_LOOP('',(#1423,#1424,#1425,#1426));
#219=EDGE_LOOP('',(#1427,#1428,#1429,#1430,#1431,#1432,#1433,#1434,#1435,
#1436,#1437,#1438,#1439,#1440,#1441,#1442));
#220=EDGE_LOOP('',(#1443,#1444,#1445,#1446,#1447,#1448,#1449,#1450));
#221=EDGE_LOOP('',(#1451,#1452,#1453,#1454));
#222=EDGE_LOOP('',(#1455,#1456,#1457,#1458));
#223=EDGE_LOOP('',(#1459,#1460,#1461,#1462));
#224=EDGE_LOOP('',(#1463,#1464,#1465,#1466));
#225=EDGE_LOOP('',(#1467,#1468,#1469,#1470));
#226=EDGE_LOOP('',(#1471,#1472,#1473,#1474));
#227=EDGE_LOOP('',(#1475,#1476,#1477,#1478));
#228=EDGE_LOOP('',(#1479,#1480,#1481,#1482));
#229=EDGE_LOOP('',(#1483,#1484,#1485,#1486));
#230=EDGE_LOOP('',(#1487,#1488,#1489,#1490));
#231=EDGE_LOOP('',(#1491,#1492,#1493,#1494));
#232=EDGE_LOOP('',(#1495,#1496,#1497,#1498));
#233=EDGE_LOOP('',(#1499,#1500,#1501,#1502));
#234=EDGE_LOOP('',(#1503,#1504,#1505,#1506));
#235=EDGE_LOOP('',(#1507,#1508,#1509,#1510,#1511,#1512,#1513,#1514));
#236=EDGE_LOOP('',(#1515,#1516,#1517,#1518));
#237=EDGE_LOOP('',(#1519,#1520,#1521,#1522));
#238=EDGE_LOOP('',(#1523,#1524,#1525,#1526,#1527,#1528,#1529,#1530));
#239=EDGE_LOOP('',(#1531,#1532,#1533,#1534));
#240=EDGE_LOOP('',(#1535,#1536,#1537,#1538));
#241=EDGE_LOOP('',(#1539,#1540,#1541,#1542,#1543));
#242=EDGE_LOOP('',(#1544,#1545,#1546,#1547));
#243=EDGE_LOOP('',(#1548,#1549,#1550,#1551,#1552));
#244=EDGE_LOOP('',(#1553,#1554,#1555,#1556));
#245=EDGE_LOOP('',(#1557,#1558,#1559,#1560));
#246=EDGE_LOOP('',(#1561,#1562,#1563,#1564,#1565));
#247=EDGE_LOOP('',(#1566,#1567,#1568,#1569));
#248=EDGE_LOOP('',(#1570,#1571,#1572,#1573));
#249=EDGE_LOOP('',(#1574,#1575,#1576,#1577,#1578));
#250=EDGE_LOOP('',(#1579,#1580,#1581,#1582));
#251=EDGE_LOOP('',(#1583,#1584,#1585,#1586));
#252=EDGE_LOOP('',(#1587,#1588,#1589,#1590));
#253=EDGE_LOOP('',(#1591,#1592,#1593,#1594));
#254=EDGE_LOOP('',(#1595,#1596,#1597,#1598,#1599,#1600,#1601,#1602));
#255=EDGE_LOOP('',(#1603,#1604,#1605,#1606));
#256=EDGE_LOOP('',(#1607,#1608,#1609,#1610));
#257=EDGE_LOOP('',(#1611,#1612,#1613,#1614));
#258=EDGE_LOOP('',(#1615,#1616,#1617,#1618,#1619,#1620,#1621,#1622));
#259=EDGE_LOOP('',(#1623,#1624,#1625,#1626,#1627));
#260=EDGE_LOOP('',(#1628,#1629,#1630,#1631));
#261=EDGE_LOOP('',(#1632,#1633,#1634,#1635));
#262=EDGE_LOOP('',(#1636,#1637,#1638,#1639,#1640));
#263=EDGE_LOOP('',(#1641,#1642,#1643,#1644,#1645));
#264=EDGE_LOOP('',(#1646,#1647,#1648,#1649,#1650));
#265=EDGE_LOOP('',(#1651,#1652,#1653,#1654));
#266=EDGE_LOOP('',(#1655,#1656,#1657,#1658,#1659));
#267=EDGE_LOOP('',(#1660,#1661,#1662,#1663));
#268=EDGE_LOOP('',(#1664,#1665,#1666,#1667));
#269=EDGE_LOOP('',(#1668,#1669,#1670,#1671));
#270=EDGE_LOOP('',(#1672,#1673,#1674,#1675,#1676));
#271=EDGE_LOOP('',(#1677,#1678,#1679,#1680,#1681));
#272=EDGE_LOOP('',(#1682,#1683,#1684,#1685));
#273=EDGE_LOOP('',(#1686,#1687,#1688,#1689,#1690));
#274=EDGE_LOOP('',(#1691,#1692,#1693,#1694));
#275=EDGE_LOOP('',(#1695,#1696,#1697,#1698));
#276=EDGE_LOOP('',(#1699,#1700,#1701,#1702));
#277=EDGE_LOOP('',(#1703,#1704,#1705,#1706,#1707,#1708,#1709,#1710));
#278=EDGE_LOOP('',(#1711,#1712,#1713,#1714,#1715,#1716));
#279=EDGE_LOOP('',(#1717,#1718,#1719,#1720,#1721,#1722));
#280=EDGE_LOOP('',(#1723,#1724,#1725,#1726,#1727,#1728));
#281=EDGE_LOOP('',(#1729,#1730,#1731,#1732,#1733,#1734));
#282=EDGE_LOOP('',(#1735,#1736,#1737,#1738,#1739,#1740,#1741,#1742));
#283=EDGE_LOOP('',(#1743,#1744,#1745,#1746,#1747,#1748,#1749,#1750));
#284=EDGE_LOOP('',(#1751,#1752,#1753,#1754,#1755,#1756,#1757,#1758));
#285=EDGE_LOOP('',(#1759,#1760,#1761,#1762));
#286=EDGE_LOOP('',(#1763,#1764,#1765,#1766));
#287=EDGE_LOOP('',(#1767,#1768,#1769,#1770));
#288=EDGE_LOOP('',(#1771,#1772,#1773,#1774));
#289=EDGE_LOOP('',(#1775,#1776,#1777,#1778));
#290=EDGE_LOOP('',(#1779,#1780,#1781,#1782));
#291=EDGE_LOOP('',(#1783,#1784,#1785,#1786));
#292=EDGE_LOOP('',(#1787,#1788,#1789,#1790));
#293=EDGE_LOOP('',(#1791,#1792,#1793,#1794));
#294=EDGE_LOOP('',(#1795,#1796,#1797,#1798));
#295=EDGE_LOOP('',(#1799,#1800,#1801,#1802));
#296=EDGE_LOOP('',(#1803,#1804,#1805,#1806));
#297=EDGE_LOOP('',(#1807,#1808,#1809,#1810));
#298=EDGE_LOOP('',(#1811,#1812,#1813,#1814));
#299=EDGE_LOOP('',(#1815,#1816,#1817,#1818));
#300=EDGE_LOOP('',(#1819,#1820,#1821,#1822));
#301=EDGE_LOOP('',(#1823,#1824,#1825,#1826));
#302=EDGE_LOOP('',(#1827,#1828,#1829,#1830));
#303=EDGE_LOOP('',(#1831,#1832,#1833,#1834));
#304=EDGE_LOOP('',(#1835,#1836,#1837,#1838));
#305=LINE('',#2725,#555);
#306=LINE('',#2727,#556);
#307=LINE('',#2729,#557);
#308=LINE('',#2730,#558);
#309=LINE('',#2735,#559);
#310=LINE('',#2739,#560);
#311=LINE('',#2741,#561);
#312=LINE('',#2742,#562);
#313=LINE('',#2747,#563);
#314=LINE('',#2751,#564);
#315=LINE('',#2753,#565);
#316=LINE('',#2754,#566);
#317=LINE('',#2759,#567);
#318=LINE('',#2763,#568);
#319=LINE('',#2765,#569);
#320=LINE('',#2766,#570);
#321=LINE('',#2775,#571);
#322=LINE('',#2777,#572);
#323=LINE('',#2779,#573);
#324=LINE('',#2781,#574);
#325=LINE('',#2782,#575);
#326=LINE('',#2786,#576);
#327=LINE('',#2788,#577);
#328=LINE('',#2789,#578);
#329=LINE('',#2790,#579);
#330=LINE('',#2794,#580);
#331=LINE('',#2796,#581);
#332=LINE('',#2798,#582);
#333=LINE('',#2800,#583);
#334=LINE('',#2801,#584);
#335=LINE('',#2805,#585);
#336=LINE('',#2807,#586);
#337=LINE('',#2808,#587);
#338=LINE('',#2809,#588);
#339=LINE('',#2813,#589);
#340=LINE('',#2815,#590);
#341=LINE('',#2817,#591);
#342=LINE('',#2819,#592);
#343=LINE('',#2820,#593);
#344=LINE('',#2824,#594);
#345=LINE('',#2826,#595);
#346=LINE('',#2827,#596);
#347=LINE('',#2828,#597);
#348=LINE('',#2832,#598);
#349=LINE('',#2834,#599);
#350=LINE('',#2836,#600);
#351=LINE('',#2838,#601);
#352=LINE('',#2839,#602);
#353=LINE('',#2843,#603);
#354=LINE('',#2845,#604);
#355=LINE('',#2846,#605);
#356=LINE('',#2847,#606);
#357=LINE('',#2850,#607);
#358=LINE('',#2852,#608);
#359=LINE('',#2853,#609);
#360=LINE('',#2856,#610);
#361=LINE('',#2857,#611);
#362=LINE('',#2860,#612);
#363=LINE('',#2862,#613);
#364=LINE('',#2863,#614);
#365=LINE('',#2866,#615);
#366=LINE('',#2868,#616);
#367=LINE('',#2870,#617);
#368=LINE('',#2871,#618);
#369=LINE('',#2874,#619);
#370=LINE('',#2876,#620);
#371=LINE('',#2878,#621);
#372=LINE('',#2879,#622);
#373=LINE('',#2882,#623);
#374=LINE('',#2884,#624);
#375=LINE('',#2885,#625);
#376=LINE('',#2888,#626);
#377=LINE('',#2889,#627);
#378=LINE('',#2892,#628);
#379=LINE('',#2894,#629);
#380=LINE('',#2895,#630);
#381=LINE('',#2898,#631);
#382=LINE('',#2899,#632);
#383=LINE('',#2902,#633);
#384=LINE('',#2903,#634);
#385=LINE('',#2907,#635);
#386=LINE('',#2909,#636);
#387=LINE('',#2911,#637);
#388=LINE('',#2912,#638);
#389=LINE('',#2916,#639);
#390=LINE('',#2918,#640);
#391=LINE('',#2920,#641);
#392=LINE('',#2921,#642);
#393=LINE('',#2923,#643);
#394=LINE('',#2924,#644);
#395=LINE('',#2926,#645);
#396=LINE('',#2929,#646);
#397=LINE('',#2933,#647);
#398=LINE('',#2937,#648);
#399=LINE('',#2939,#649);
#400=LINE('',#2941,#650);
#401=LINE('',#2943,#651);
#402=LINE('',#2945,#652);
#403=LINE('',#2949,#653);
#404=LINE('',#2952,#654);
#405=LINE('',#2957,#655);
#406=LINE('',#2961,#656);
#407=LINE('',#2965,#657);
#408=LINE('',#2968,#658);
#409=LINE('',#2971,#659);
#410=LINE('',#2973,#660);
#411=LINE('',#2974,#661);
#412=LINE('',#2977,#662);
#413=LINE('',#2979,#663);
#414=LINE('',#2980,#664);
#415=LINE('',#2982,#665);
#416=LINE('',#2983,#666);
#417=LINE('',#2987,#667);
#418=LINE('',#2990,#668);
#419=LINE('',#2993,#669);
#420=LINE('',#2996,#670);
#421=LINE('',#2999,#671);
#422=LINE('',#3002,#672);
#423=LINE('',#3005,#673);
#424=LINE('',#3008,#674);
#425=LINE('',#3010,#675);
#426=LINE('',#3012,#676);
#427=LINE('',#3016,#677);
#428=LINE('',#3018,#678);
#429=LINE('',#3020,#679);
#430=LINE('',#3021,#680);
#431=LINE('',#3025,#681);
#432=LINE('',#3027,#682);
#433=LINE('',#3029,#683);
#434=LINE('',#3030,#684);
#435=LINE('',#3032,#685);
#436=LINE('',#3033,#686);
#437=LINE('',#3034,#687);
#438=LINE('',#3038,#688);
#439=LINE('',#3040,#689);
#440=LINE('',#3042,#690);
#441=LINE('',#3044,#691);
#442=LINE('',#3046,#692);
#443=LINE('',#3048,#693);
#444=LINE('',#3050,#694);
#445=LINE('',#3051,#695);
#446=LINE('',#3054,#696);
#447=LINE('',#3056,#697);
#448=LINE('',#3057,#698);
#449=LINE('',#3060,#699);
#450=LINE('',#3062,#700);
#451=LINE('',#3063,#701);
#452=LINE('',#3066,#702);
#453=LINE('',#3068,#703);
#454=LINE('',#3070,#704);
#455=LINE('',#3072,#705);
#456=LINE('',#3073,#706);
#457=LINE('',#3074,#707);
#458=LINE('',#3076,#708);
#459=LINE('',#3079,#709);
#460=LINE('',#3080,#710);
#461=LINE('',#3081,#711);
#462=LINE('',#3083,#712);
#463=LINE('',#3086,#713);
#464=LINE('',#3087,#714);
#465=LINE('',#3089,#715);
#466=LINE('',#3093,#716);
#467=LINE('',#3094,#717);
#468=LINE('',#3097,#718);
#469=LINE('',#3098,#719);
#470=LINE('',#3100,#720);
#471=LINE('',#3105,#721);
#472=LINE('',#3108,#722);
#473=LINE('',#3111,#723);
#474=LINE('',#3112,#724);
#475=LINE('',#3115,#725);
#476=LINE('',#3119,#726);
#477=LINE('',#3120,#727);
#478=LINE('',#3123,#728);
#479=LINE('',#3127,#729);
#480=LINE('',#3128,#730);
#481=LINE('',#3131,#731);
#482=LINE('',#3134,#732);
#483=LINE('',#3137,#733);
#484=LINE('',#3139,#734);
#485=LINE('',#3141,#735);
#486=LINE('',#3142,#736);
#487=LINE('',#3145,#737);
#488=LINE('',#3147,#738);
#489=LINE('',#3148,#739);
#490=LINE('',#3151,#740);
#491=LINE('',#3153,#741);
#492=LINE('',#3154,#742);
#493=LINE('',#3157,#743);
#494=LINE('',#3159,#744);
#495=LINE('',#3161,#745);
#496=LINE('',#3162,#746);
#497=LINE('',#3165,#747);
#498=LINE('',#3166,#748);
#499=LINE('',#3168,#749);
#500=LINE('',#3170,#750);
#501=LINE('',#3171,#751);
#502=LINE('',#3173,#752);
#503=LINE('',#3174,#753);
#504=LINE('',#3176,#754);
#505=LINE('',#3177,#755);
#506=LINE('',#3182,#756);
#507=LINE('',#3184,#757);
#508=LINE('',#3186,#758);
#509=LINE('',#3187,#759);
#510=LINE('',#3190,#760);
#511=LINE('',#3192,#761);
#512=LINE('',#3193,#762);
#513=LINE('',#3195,#763);
#514=LINE('',#3196,#764);
#515=LINE('',#3202,#765);
#516=LINE('',#3206,#766);
#517=LINE('',#3210,#767);
#518=LINE('',#3214,#768);
#519=LINE('',#3219,#769);
#520=LINE('',#3223,#770);
#521=LINE('',#3227,#771);
#522=LINE('',#3231,#772);
#523=LINE('',#3234,#773);
#524=LINE('',#3235,#774);
#525=LINE('',#3237,#775);
#526=LINE('',#3239,#776);
#527=LINE('',#3241,#777);
#528=LINE('',#3243,#778);
#529=LINE('',#3245,#779);
#530=LINE('',#3247,#780);
#531=LINE('',#3252,#781);
#532=LINE('',#3254,#782);
#533=LINE('',#3256,#783);
#534=LINE('',#3257,#784);
#535=LINE('',#3260,#785);
#536=LINE('',#3262,#786);
#537=LINE('',#3263,#787);
#538=LINE('',#3266,#788);
#539=LINE('',#3268,#789);
#540=LINE('',#3269,#790);
#541=LINE('',#3271,#791);
#542=LINE('',#3272,#792);
#543=LINE('',#3278,#793);
#544=LINE('',#3280,#794);
#545=LINE('',#3282,#795);
#546=LINE('',#3283,#796);
#547=LINE('',#3286,#797);
#548=LINE('',#3288,#798);
#549=LINE('',#3289,#799);
#550=LINE('',#3292,#800);
#551=LINE('',#3294,#801);
#552=LINE('',#3295,#802);
#553=LINE('',#3297,#803);
#554=LINE('',#3298,#804);
#555=VECTOR('',#2191,10.);
#556=VECTOR('',#2192,10.);
#557=VECTOR('',#2193,10.);
#558=VECTOR('',#2194,10.);
#559=VECTOR('',#2199,10.);
#560=VECTOR('',#2204,10.);
#561=VECTOR('',#2205,10.);
#562=VECTOR('',#2206,10.);
#563=VECTOR('',#2211,10.);
#564=VECTOR('',#2216,10.);
#565=VECTOR('',#2217,10.);
#566=VECTOR('',#2218,10.);
#567=VECTOR('',#2223,10.);
#568=VECTOR('',#2228,10.);
#569=VECTOR('',#2229,10.);
#570=VECTOR('',#2230,10.);
#571=VECTOR('',#2243,10.);
#572=VECTOR('',#2244,10.);
#573=VECTOR('',#2245,10.);
#574=VECTOR('',#2246,10.);
#575=VECTOR('',#2247,10.);
#576=VECTOR('',#2250,10.);
#577=VECTOR('',#2251,10.);
#578=VECTOR('',#2252,10.);
#579=VECTOR('',#2253,10.);
#580=VECTOR('',#2256,10.);
#581=VECTOR('',#2257,10.);
#582=VECTOR('',#2258,10.);
#583=VECTOR('',#2259,10.);
#584=VECTOR('',#2260,10.);
#585=VECTOR('',#2263,10.);
#586=VECTOR('',#2264,10.);
#587=VECTOR('',#2265,10.);
#588=VECTOR('',#2266,10.);
#589=VECTOR('',#2269,10.);
#590=VECTOR('',#2270,10.);
#591=VECTOR('',#2271,10.);
#592=VECTOR('',#2272,10.);
#593=VECTOR('',#2273,10.);
#594=VECTOR('',#2276,10.);
#595=VECTOR('',#2277,10.);
#596=VECTOR('',#2278,10.);
#597=VECTOR('',#2279,10.);
#598=VECTOR('',#2282,10.);
#599=VECTOR('',#2283,10.);
#600=VECTOR('',#2284,10.);
#601=VECTOR('',#2285,10.);
#602=VECTOR('',#2286,10.);
#603=VECTOR('',#2289,10.);
#604=VECTOR('',#2290,10.);
#605=VECTOR('',#2291,10.);
#606=VECTOR('',#2292,10.);
#607=VECTOR('',#2295,10.);
#608=VECTOR('',#2296,10.);
#609=VECTOR('',#2297,10.);
#610=VECTOR('',#2300,10.);
#611=VECTOR('',#2301,10.);
#612=VECTOR('',#2304,10.);
#613=VECTOR('',#2305,10.);
#614=VECTOR('',#2306,10.);
#615=VECTOR('',#2309,10.);
#616=VECTOR('',#2310,10.);
#617=VECTOR('',#2311,10.);
#618=VECTOR('',#2312,10.);
#619=VECTOR('',#2315,10.);
#620=VECTOR('',#2316,10.);
#621=VECTOR('',#2317,10.);
#622=VECTOR('',#2318,10.);
#623=VECTOR('',#2321,10.);
#624=VECTOR('',#2322,10.);
#625=VECTOR('',#2323,10.);
#626=VECTOR('',#2326,10.);
#627=VECTOR('',#2327,10.);
#628=VECTOR('',#2330,10.);
#629=VECTOR('',#2331,10.);
#630=VECTOR('',#2332,10.);
#631=VECTOR('',#2335,10.);
#632=VECTOR('',#2336,10.);
#633=VECTOR('',#2339,10.);
#634=VECTOR('',#2340,10.);
#635=VECTOR('',#2343,10.);
#636=VECTOR('',#2344,10.);
#637=VECTOR('',#2345,10.);
#638=VECTOR('',#2346,10.);
#639=VECTOR('',#2349,10.);
#640=VECTOR('',#2350,10.);
#641=VECTOR('',#2351,10.);
#642=VECTOR('',#2352,10.);
#643=VECTOR('',#2355,10.);
#644=VECTOR('',#2356,10.);
#645=VECTOR('',#2359,10.);
#646=VECTOR('',#2362,10.);
#647=VECTOR('',#2365,10.);
#648=VECTOR('',#2368,10.);
#649=VECTOR('',#2369,10.);
#650=VECTOR('',#2370,10.);
#651=VECTOR('',#2371,10.);
#652=VECTOR('',#2372,10.);
#653=VECTOR('',#2375,10.);
#654=VECTOR('',#2378,10.);
#655=VECTOR('',#2381,10.);
#656=VECTOR('',#2384,10.);
#657=VECTOR('',#2387,10.);
#658=VECTOR('',#2390,10.);
#659=VECTOR('',#2393,10.);
#660=VECTOR('',#2394,10.);
#661=VECTOR('',#2395,10.);
#662=VECTOR('',#2398,10.);
#663=VECTOR('',#2399,10.);
#664=VECTOR('',#2400,10.);
#665=VECTOR('',#2403,10.);
#666=VECTOR('',#2404,10.);
#667=VECTOR('',#2409,10.);
#668=VECTOR('',#2412,10.);
#669=VECTOR('',#2415,10.);
#670=VECTOR('',#2418,10.);
#671=VECTOR('',#2421,10.);
#672=VECTOR('',#2424,10.);
#673=VECTOR('',#2427,10.);
#674=VECTOR('',#2430,10.);
#675=VECTOR('',#2433,10.);
#676=VECTOR('',#2436,10.);
#677=VECTOR('',#2439,10.);
#678=VECTOR('',#2440,10.);
#679=VECTOR('',#2441,10.);
#680=VECTOR('',#2442,10.);
#681=VECTOR('',#2445,10.);
#682=VECTOR('',#2446,10.);
#683=VECTOR('',#2447,10.);
#684=VECTOR('',#2448,10.);
#685=VECTOR('',#2451,10.);
#686=VECTOR('',#2452,10.);
#687=VECTOR('',#2453,10.);
#688=VECTOR('',#2456,10.);
#689=VECTOR('',#2457,10.);
#690=VECTOR('',#2458,10.);
#691=VECTOR('',#2459,10.);
#692=VECTOR('',#2460,10.);
#693=VECTOR('',#2461,10.);
#694=VECTOR('',#2462,10.);
#695=VECTOR('',#2463,10.);
#696=VECTOR('',#2466,10.);
#697=VECTOR('',#2467,10.);
#698=VECTOR('',#2468,10.);
#699=VECTOR('',#2471,10.);
#700=VECTOR('',#2472,10.);
#701=VECTOR('',#2473,10.);
#702=VECTOR('',#2476,10.);
#703=VECTOR('',#2477,10.);
#704=VECTOR('',#2478,10.);
#705=VECTOR('',#2479,10.);
#706=VECTOR('',#2480,10.);
#707=VECTOR('',#2481,10.);
#708=VECTOR('',#2484,10.);
#709=VECTOR('',#2487,10.);
#710=VECTOR('',#2488,10.);
#711=VECTOR('',#2489,10.);
#712=VECTOR('',#2492,10.);
#713=VECTOR('',#2495,10.);
#714=VECTOR('',#2496,10.);
#715=VECTOR('',#2499,10.);
#716=VECTOR('',#2504,10.);
#717=VECTOR('',#2505,10.);
#718=VECTOR('',#2508,10.);
#719=VECTOR('',#2509,10.);
#720=VECTOR('',#2512,10.);
#721=VECTOR('',#2519,10.);
#722=VECTOR('',#2522,10.);
#723=VECTOR('',#2525,10.);
#724=VECTOR('',#2526,10.);
#725=VECTOR('',#2529,10.);
#726=VECTOR('',#2534,10.);
#727=VECTOR('',#2535,10.);
#728=VECTOR('',#2538,10.);
#729=VECTOR('',#2543,10.);
#730=VECTOR('',#2544,10.);
#731=VECTOR('',#2547,10.);
#732=VECTOR('',#2552,10.);
#733=VECTOR('',#2555,10.);
#734=VECTOR('',#2556,10.);
#735=VECTOR('',#2557,10.);
#736=VECTOR('',#2558,10.);
#737=VECTOR('',#2561,10.);
#738=VECTOR('',#2562,10.);
#739=VECTOR('',#2563,10.);
#740=VECTOR('',#2566,10.);
#741=VECTOR('',#2567,10.);
#742=VECTOR('',#2568,10.);
#743=VECTOR('',#2571,10.);
#744=VECTOR('',#2572,10.);
#745=VECTOR('',#2573,10.);
#746=VECTOR('',#2574,10.);
#747=VECTOR('',#2577,10.);
#748=VECTOR('',#2578,10.);
#749=VECTOR('',#2581,10.);
#750=VECTOR('',#2582,10.);
#751=VECTOR('',#2583,10.);
#752=VECTOR('',#2586,10.);
#753=VECTOR('',#2587,10.);
#754=VECTOR('',#2590,10.);
#755=VECTOR('',#2591,10.);
#756=VECTOR('',#2600,10.);
#757=VECTOR('',#2603,10.);
#758=VECTOR('',#2606,10.);
#759=VECTOR('',#2607,10.);
#760=VECTOR('',#2610,10.);
#761=VECTOR('',#2611,10.);
#762=VECTOR('',#2612,10.);
#763=VECTOR('',#2615,10.);
#764=VECTOR('',#2616,10.);
#765=VECTOR('',#2623,10.);
#766=VECTOR('',#2626,10.);
#767=VECTOR('',#2629,10.);
#768=VECTOR('',#2632,10.);
#769=VECTOR('',#2637,10.);
#770=VECTOR('',#2640,10.);
#771=VECTOR('',#2643,10.);
#772=VECTOR('',#2646,10.);
#773=VECTOR('',#2651,10.);
#774=VECTOR('',#2652,10.);
#775=VECTOR('',#2655,10.);
#776=VECTOR('',#2658,10.);
#777=VECTOR('',#2661,10.);
#778=VECTOR('',#2664,10.);
#779=VECTOR('',#2667,10.);
#780=VECTOR('',#2670,10.);
#781=VECTOR('',#2675,10.);
#782=VECTOR('',#2676,10.);
#783=VECTOR('',#2677,10.);
#784=VECTOR('',#2678,10.);
#785=VECTOR('',#2681,10.);
#786=VECTOR('',#2682,10.);
#787=VECTOR('',#2683,10.);
#788=VECTOR('',#2686,10.);
#789=VECTOR('',#2687,10.);
#790=VECTOR('',#2688,10.);
#791=VECTOR('',#2691,10.);
#792=VECTOR('',#2692,10.);
#793=VECTOR('',#2699,10.);
#794=VECTOR('',#2700,10.);
#795=VECTOR('',#2701,10.);
#796=VECTOR('',#2702,10.);
#797=VECTOR('',#2705,10.);
#798=VECTOR('',#2706,10.);
#799=VECTOR('',#2707,10.);
#800=VECTOR('',#2710,10.);
#801=VECTOR('',#2711,10.);
#802=VECTOR('',#2712,10.);
#803=VECTOR('',#2715,10.);
#804=VECTOR('',#2716,10.);
#805=VERTEX_POINT('',#2723);
#806=VERTEX_POINT('',#2724);
#807=VERTEX_POINT('',#2726);
#808=VERTEX_POINT('',#2728);
#809=VERTEX_POINT('',#2732);
#810=VERTEX_POINT('',#2734);
#811=VERTEX_POINT('',#2738);
#812=VERTEX_POINT('',#2740);
#813=VERTEX_POINT('',#2744);
#814=VERTEX_POINT('',#2746);
#815=VERTEX_POINT('',#2750);
#816=VERTEX_POINT('',#2752);
#817=VERTEX_POINT('',#2756);
#818=VERTEX_POINT('',#2758);
#819=VERTEX_POINT('',#2762);
#820=VERTEX_POINT('',#2764);
#821=VERTEX_POINT('',#2773);
#822=VERTEX_POINT('',#2774);
#823=VERTEX_POINT('',#2776);
#824=VERTEX_POINT('',#2778);
#825=VERTEX_POINT('',#2780);
#826=VERTEX_POINT('',#2784);
#827=VERTEX_POINT('',#2785);
#828=VERTEX_POINT('',#2787);
#829=VERTEX_POINT('',#2792);
#830=VERTEX_POINT('',#2793);
#831=VERTEX_POINT('',#2795);
#832=VERTEX_POINT('',#2797);
#833=VERTEX_POINT('',#2799);
#834=VERTEX_POINT('',#2803);
#835=VERTEX_POINT('',#2804);
#836=VERTEX_POINT('',#2806);
#837=VERTEX_POINT('',#2811);
#838=VERTEX_POINT('',#2812);
#839=VERTEX_POINT('',#2814);
#840=VERTEX_POINT('',#2816);
#841=VERTEX_POINT('',#2818);
#842=VERTEX_POINT('',#2822);
#843=VERTEX_POINT('',#2823);
#844=VERTEX_POINT('',#2825);
#845=VERTEX_POINT('',#2830);
#846=VERTEX_POINT('',#2831);
#847=VERTEX_POINT('',#2833);
#848=VERTEX_POINT('',#2835);
#849=VERTEX_POINT('',#2837);
#850=VERTEX_POINT('',#2841);
#851=VERTEX_POINT('',#2842);
#852=VERTEX_POINT('',#2844);
#853=VERTEX_POINT('',#2849);
#854=VERTEX_POINT('',#2851);
#855=VERTEX_POINT('',#2855);
#856=VERTEX_POINT('',#2859);
#857=VERTEX_POINT('',#2861);
#858=VERTEX_POINT('',#2865);
#859=VERTEX_POINT('',#2867);
#860=VERTEX_POINT('',#2869);
#861=VERTEX_POINT('',#2873);
#862=VERTEX_POINT('',#2875);
#863=VERTEX_POINT('',#2877);
#864=VERTEX_POINT('',#2881);
#865=VERTEX_POINT('',#2883);
#866=VERTEX_POINT('',#2887);
#867=VERTEX_POINT('',#2891);
#868=VERTEX_POINT('',#2893);
#869=VERTEX_POINT('',#2897);
#870=VERTEX_POINT('',#2901);
#871=VERTEX_POINT('',#2905);
#872=VERTEX_POINT('',#2906);
#873=VERTEX_POINT('',#2908);
#874=VERTEX_POINT('',#2910);
#875=VERTEX_POINT('',#2914);
#876=VERTEX_POINT('',#2915);
#877=VERTEX_POINT('',#2917);
#878=VERTEX_POINT('',#2919);
#879=VERTEX_POINT('',#2928);
#880=VERTEX_POINT('',#2930);
#881=VERTEX_POINT('',#2932);
#882=VERTEX_POINT('',#2934);
#883=VERTEX_POINT('',#2936);
#884=VERTEX_POINT('',#2938);
#885=VERTEX_POINT('',#2940);
#886=VERTEX_POINT('',#2942);
#887=VERTEX_POINT('',#2944);
#888=VERTEX_POINT('',#2946);
#889=VERTEX_POINT('',#2948);
#890=VERTEX_POINT('',#2950);
#891=VERTEX_POINT('',#2953);
#892=VERTEX_POINT('',#2954);
#893=VERTEX_POINT('',#2956);
#894=VERTEX_POINT('',#2958);
#895=VERTEX_POINT('',#2960);
#896=VERTEX_POINT('',#2962);
#897=VERTEX_POINT('',#2964);
#898=VERTEX_POINT('',#2966);
#899=VERTEX_POINT('',#2970);
#900=VERTEX_POINT('',#2972);
#901=VERTEX_POINT('',#2976);
#902=VERTEX_POINT('',#2978);
#903=VERTEX_POINT('',#2986);
#904=VERTEX_POINT('',#2988);
#905=VERTEX_POINT('',#2992);
#906=VERTEX_POINT('',#2994);
#907=VERTEX_POINT('',#2998);
#908=VERTEX_POINT('',#3000);
#909=VERTEX_POINT('',#3004);
#910=VERTEX_POINT('',#3006);
#911=VERTEX_POINT('',#3014);
#912=VERTEX_POINT('',#3015);
#913=VERTEX_POINT('',#3017);
#914=VERTEX_POINT('',#3019);
#915=VERTEX_POINT('',#3023);
#916=VERTEX_POINT('',#3024);
#917=VERTEX_POINT('',#3026);
#918=VERTEX_POINT('',#3028);
#919=VERTEX_POINT('',#3036);
#920=VERTEX_POINT('',#3037);
#921=VERTEX_POINT('',#3039);
#922=VERTEX_POINT('',#3041);
#923=VERTEX_POINT('',#3043);
#924=VERTEX_POINT('',#3045);
#925=VERTEX_POINT('',#3047);
#926=VERTEX_POINT('',#3049);
#927=VERTEX_POINT('',#3053);
#928=VERTEX_POINT('',#3055);
#929=VERTEX_POINT('',#3059);
#930=VERTEX_POINT('',#3061);
#931=VERTEX_POINT('',#3065);
#932=VERTEX_POINT('',#3067);
#933=VERTEX_POINT('',#3069);
#934=VERTEX_POINT('',#3071);
#935=VERTEX_POINT('',#3078);
#936=VERTEX_POINT('',#3085);
#937=VERTEX_POINT('',#3092);
#938=VERTEX_POINT('',#3096);
#939=VERTEX_POINT('',#3104);
#940=VERTEX_POINT('',#3106);
#941=VERTEX_POINT('',#3110);
#942=VERTEX_POINT('',#3114);
#943=VERTEX_POINT('',#3118);
#944=VERTEX_POINT('',#3122);
#945=VERTEX_POINT('',#3126);
#946=VERTEX_POINT('',#3130);
#947=VERTEX_POINT('',#3136);
#948=VERTEX_POINT('',#3138);
#949=VERTEX_POINT('',#3140);
#950=VERTEX_POINT('',#3144);
#951=VERTEX_POINT('',#3146);
#952=VERTEX_POINT('',#3150);
#953=VERTEX_POINT('',#3152);
#954=VERTEX_POINT('',#3156);
#955=VERTEX_POINT('',#3158);
#956=VERTEX_POINT('',#3160);
#957=VERTEX_POINT('',#3164);
#958=VERTEX_POINT('',#3169);
#959=VERTEX_POINT('',#3189);
#960=VERTEX_POINT('',#3191);
#961=VERTEX_POINT('',#3200);
#962=VERTEX_POINT('',#3201);
#963=VERTEX_POINT('',#3203);
#964=VERTEX_POINT('',#3205);
#965=VERTEX_POINT('',#3207);
#966=VERTEX_POINT('',#3209);
#967=VERTEX_POINT('',#3211);
#968=VERTEX_POINT('',#3213);
#969=VERTEX_POINT('',#3217);
#970=VERTEX_POINT('',#3218);
#971=VERTEX_POINT('',#3220);
#972=VERTEX_POINT('',#3222);
#973=VERTEX_POINT('',#3224);
#974=VERTEX_POINT('',#3226);
#975=VERTEX_POINT('',#3228);
#976=VERTEX_POINT('',#3230);
#977=VERTEX_POINT('',#3250);
#978=VERTEX_POINT('',#3251);
#979=VERTEX_POINT('',#3253);
#980=VERTEX_POINT('',#3255);
#981=VERTEX_POINT('',#3259);
#982=VERTEX_POINT('',#3261);
#983=VERTEX_POINT('',#3265);
#984=VERTEX_POINT('',#3267);
#985=VERTEX_POINT('',#3276);
#986=VERTEX_POINT('',#3277);
#987=VERTEX_POINT('',#3279);
#988=VERTEX_POINT('',#3281);
#989=VERTEX_POINT('',#3285);
#990=VERTEX_POINT('',#3287);
#991=VERTEX_POINT('',#3291);
#992=VERTEX_POINT('',#3293);
#993=EDGE_CURVE('',#805,#806,#305,.T.);
#994=EDGE_CURVE('',#805,#807,#306,.T.);
#995=EDGE_CURVE('',#808,#807,#307,.T.);
#996=EDGE_CURVE('',#806,#808,#308,.T.);
#997=EDGE_CURVE('',#809,#805,#30,.T.);
#998=EDGE_CURVE('',#809,#810,#309,.T.);
#999=EDGE_CURVE('',#807,#810,#31,.T.);
#1000=EDGE_CURVE('',#811,#809,#310,.T.);
#1001=EDGE_CURVE('',#811,#812,#311,.T.);
#1002=EDGE_CURVE('',#810,#812,#312,.T.);
#1003=EDGE_CURVE('',#813,#811,#32,.T.);
#1004=EDGE_CURVE('',#813,#814,#313,.T.);
#1005=EDGE_CURVE('',#812,#814,#33,.T.);
#1006=EDGE_CURVE('',#815,#813,#314,.T.);
#1007=EDGE_CURVE('',#815,#816,#315,.T.);
#1008=EDGE_CURVE('',#814,#816,#316,.T.);
#1009=EDGE_CURVE('',#817,#815,#34,.T.);
#1010=EDGE_CURVE('',#817,#818,#317,.T.);
#1011=EDGE_CURVE('',#816,#818,#35,.T.);
#1012=EDGE_CURVE('',#819,#817,#318,.T.);
#1013=EDGE_CURVE('',#819,#820,#319,.T.);
#1014=EDGE_CURVE('',#818,#820,#320,.T.);
#1015=EDGE_CURVE('',#806,#819,#36,.T.);
#1016=EDGE_CURVE('',#820,#808,#37,.T.);
#1017=EDGE_CURVE('',#821,#822,#321,.T.);
#1018=EDGE_CURVE('',#823,#821,#322,.T.);
#1019=EDGE_CURVE('',#824,#823,#323,.T.);
#1020=EDGE_CURVE('',#825,#824,#324,.T.);
#1021=EDGE_CURVE('',#822,#825,#325,.T.);
#1022=EDGE_CURVE('',#826,#827,#326,.T.);
#1023=EDGE_CURVE('',#828,#826,#327,.T.);
#1024=EDGE_CURVE('',#824,#828,#328,.T.);
#1025=EDGE_CURVE('',#827,#823,#329,.T.);
#1026=EDGE_CURVE('',#829,#830,#330,.T.);
#1027=EDGE_CURVE('',#831,#829,#331,.T.);
#1028=EDGE_CURVE('',#832,#831,#332,.T.);
#1029=EDGE_CURVE('',#833,#832,#333,.T.);
#1030=EDGE_CURVE('',#830,#833,#334,.T.);
#1031=EDGE_CURVE('',#834,#835,#335,.T.);
#1032=EDGE_CURVE('',#836,#834,#336,.T.);
#1033=EDGE_CURVE('',#832,#836,#337,.T.);
#1034=EDGE_CURVE('',#835,#831,#338,.T.);
#1035=EDGE_CURVE('',#837,#838,#339,.T.);
#1036=EDGE_CURVE('',#839,#837,#340,.T.);
#1037=EDGE_CURVE('',#840,#839,#341,.T.);
#1038=EDGE_CURVE('',#841,#840,#342,.T.);
#1039=EDGE_CURVE('',#838,#841,#343,.T.);
#1040=EDGE_CURVE('',#842,#843,#344,.T.);
#1041=EDGE_CURVE('',#844,#842,#345,.T.);
#1042=EDGE_CURVE('',#840,#844,#346,.T.);
#1043=EDGE_CURVE('',#843,#839,#347,.T.);
#1044=EDGE_CURVE('',#845,#846,#348,.T.);
#1045=EDGE_CURVE('',#847,#845,#349,.T.);
#1046=EDGE_CURVE('',#848,#847,#350,.T.);
#1047=EDGE_CURVE('',#849,#848,#351,.T.);
#1048=EDGE_CURVE('',#846,#849,#352,.T.);
#1049=EDGE_CURVE('',#850,#851,#353,.T.);
#1050=EDGE_CURVE('',#852,#850,#354,.T.);
#1051=EDGE_CURVE('',#848,#852,#355,.T.);
#1052=EDGE_CURVE('',#851,#847,#356,.T.);
#1053=EDGE_CURVE('',#826,#853,#357,.T.);
#1054=EDGE_CURVE('',#854,#853,#358,.T.);
#1055=EDGE_CURVE('',#828,#854,#359,.T.);
#1056=EDGE_CURVE('',#855,#827,#360,.T.);
#1057=EDGE_CURVE('',#853,#855,#361,.T.);
#1058=EDGE_CURVE('',#821,#856,#362,.T.);
#1059=EDGE_CURVE('',#856,#857,#363,.T.);
#1060=EDGE_CURVE('',#857,#855,#364,.T.);
#1061=EDGE_CURVE('',#829,#858,#365,.T.);
#1062=EDGE_CURVE('',#858,#859,#366,.T.);
#1063=EDGE_CURVE('',#859,#860,#367,.T.);
#1064=EDGE_CURVE('',#860,#835,#368,.T.);
#1065=EDGE_CURVE('',#837,#861,#369,.T.);
#1066=EDGE_CURVE('',#861,#862,#370,.T.);
#1067=EDGE_CURVE('',#862,#863,#371,.T.);
#1068=EDGE_CURVE('',#863,#843,#372,.T.);
#1069=EDGE_CURVE('',#850,#864,#373,.T.);
#1070=EDGE_CURVE('',#865,#864,#374,.T.);
#1071=EDGE_CURVE('',#852,#865,#375,.T.);
#1072=EDGE_CURVE('',#866,#851,#376,.T.);
#1073=EDGE_CURVE('',#864,#866,#377,.T.);
#1074=EDGE_CURVE('',#845,#867,#378,.T.);
#1075=EDGE_CURVE('',#867,#868,#379,.T.);
#1076=EDGE_CURVE('',#868,#866,#380,.T.);
#1077=EDGE_CURVE('',#869,#846,#381,.T.);
#1078=EDGE_CURVE('',#867,#869,#382,.T.);
#1079=EDGE_CURVE('',#870,#849,#383,.T.);
#1080=EDGE_CURVE('',#870,#869,#384,.T.);
#1081=EDGE_CURVE('',#871,#872,#385,.T.);
#1082=EDGE_CURVE('',#873,#871,#386,.T.);
#1083=EDGE_CURVE('',#873,#874,#387,.T.);
#1084=EDGE_CURVE('',#872,#874,#388,.T.);
#1085=EDGE_CURVE('',#875,#876,#389,.T.);
#1086=EDGE_CURVE('',#875,#877,#390,.T.);
#1087=EDGE_CURVE('',#877,#878,#391,.T.);
#1088=EDGE_CURVE('',#876,#878,#392,.T.);
#1089=EDGE_CURVE('',#872,#875,#393,.T.);
#1090=EDGE_CURVE('',#874,#877,#394,.T.);
#1091=EDGE_CURVE('',#878,#873,#395,.T.);
#1092=EDGE_CURVE('',#871,#879,#396,.T.);
#1093=EDGE_CURVE('',#879,#880,#38,.T.);
#1094=EDGE_CURVE('',#880,#881,#397,.T.);
#1095=EDGE_CURVE('',#881,#882,#39,.T.);
#1096=EDGE_CURVE('',#882,#883,#398,.T.);
#1097=EDGE_CURVE('',#883,#884,#399,.T.);
#1098=EDGE_CURVE('',#884,#885,#400,.T.);
#1099=EDGE_CURVE('',#885,#886,#401,.T.);
#1100=EDGE_CURVE('',#886,#887,#402,.T.);
#1101=EDGE_CURVE('',#887,#888,#40,.T.);
#1102=EDGE_CURVE('',#888,#889,#403,.T.);
#1103=EDGE_CURVE('',#889,#890,#41,.T.);
#1104=EDGE_CURVE('',#890,#876,#404,.T.);
#1105=EDGE_CURVE('',#891,#892,#42,.T.);
#1106=EDGE_CURVE('',#892,#893,#405,.T.);
#1107=EDGE_CURVE('',#893,#894,#43,.T.);
#1108=EDGE_CURVE('',#894,#895,#406,.T.);
#1109=EDGE_CURVE('',#895,#896,#44,.T.);
#1110=EDGE_CURVE('',#896,#897,#407,.T.);
#1111=EDGE_CURVE('',#897,#898,#45,.T.);
#1112=EDGE_CURVE('',#898,#891,#408,.T.);
#1113=EDGE_CURVE('',#899,#883,#409,.T.);
#1114=EDGE_CURVE('',#899,#900,#410,.T.);
#1115=EDGE_CURVE('',#900,#884,#411,.T.);
#1116=EDGE_CURVE('',#901,#899,#412,.T.);
#1117=EDGE_CURVE('',#901,#902,#413,.T.);
#1118=EDGE_CURVE('',#902,#900,#414,.T.);
#1119=EDGE_CURVE('',#886,#901,#415,.T.);
#1120=EDGE_CURVE('',#885,#902,#416,.T.);
#1121=EDGE_CURVE('',#891,#903,#417,.T.);
#1122=EDGE_CURVE('',#903,#904,#46,.T.);
#1123=EDGE_CURVE('',#904,#892,#418,.T.);
#1124=EDGE_CURVE('',#893,#905,#419,.T.);
#1125=EDGE_CURVE('',#905,#906,#47,.T.);
#1126=EDGE_CURVE('',#906,#894,#420,.T.);
#1127=EDGE_CURVE('',#897,#907,#421,.T.);
#1128=EDGE_CURVE('',#907,#908,#48,.T.);
#1129=EDGE_CURVE('',#908,#898,#422,.T.);
#1130=EDGE_CURVE('',#895,#909,#423,.T.);
#1131=EDGE_CURVE('',#909,#910,#49,.T.);
#1132=EDGE_CURVE('',#910,#896,#424,.T.);
#1133=EDGE_CURVE('',#909,#906,#425,.T.);
#1134=EDGE_CURVE('',#903,#908,#426,.T.);
#1135=EDGE_CURVE('',#911,#912,#427,.T.);
#1136=EDGE_CURVE('',#912,#913,#428,.T.);
#1137=EDGE_CURVE('',#913,#914,#429,.T.);
#1138=EDGE_CURVE('',#911,#914,#430,.T.);
#1139=EDGE_CURVE('',#915,#916,#431,.T.);
#1140=EDGE_CURVE('',#916,#917,#432,.T.);
#1141=EDGE_CURVE('',#917,#918,#433,.T.);
#1142=EDGE_CURVE('',#915,#918,#434,.T.);
#1143=EDGE_CURVE('',#905,#904,#435,.T.);
#1144=EDGE_CURVE('',#914,#917,#436,.T.);
#1145=EDGE_CURVE('',#918,#913,#437,.T.);
#1146=EDGE_CURVE('',#919,#920,#438,.T.);
#1147=EDGE_CURVE('',#919,#921,#439,.T.);
#1148=EDGE_CURVE('',#921,#922,#440,.T.);
#1149=EDGE_CURVE('',#923,#922,#441,.T.);
#1150=EDGE_CURVE('',#924,#923,#442,.T.);
#1151=EDGE_CURVE('',#925,#924,#443,.T.);
#1152=EDGE_CURVE('',#925,#926,#444,.T.);
#1153=EDGE_CURVE('',#920,#926,#445,.T.);
#1154=EDGE_CURVE('',#923,#927,#446,.T.);
#1155=EDGE_CURVE('',#922,#928,#447,.T.);
#1156=EDGE_CURVE('',#927,#928,#448,.T.);
#1157=EDGE_CURVE('',#929,#919,#449,.T.);
#1158=EDGE_CURVE('',#929,#930,#450,.T.);
#1159=EDGE_CURVE('',#930,#921,#451,.T.);
#1160=EDGE_CURVE('',#931,#929,#452,.T.);
#1161=EDGE_CURVE('',#932,#931,#453,.T.);
#1162=EDGE_CURVE('',#932,#933,#454,.T.);
#1163=EDGE_CURVE('',#934,#933,#455,.T.);
#1164=EDGE_CURVE('',#927,#934,#456,.T.);
#1165=EDGE_CURVE('',#928,#930,#457,.T.);
#1166=EDGE_CURVE('',#907,#910,#458,.T.);
#1167=EDGE_CURVE('',#926,#935,#459,.T.);
#1168=EDGE_CURVE('',#935,#932,#460,.T.);
#1169=EDGE_CURVE('',#920,#931,#461,.T.);
#1170=EDGE_CURVE('',#934,#924,#462,.T.);
#1171=EDGE_CURVE('',#933,#936,#463,.T.);
#1172=EDGE_CURVE('',#936,#925,#464,.T.);
#1173=EDGE_CURVE('',#935,#936,#465,.T.);
#1174=EDGE_CURVE('',#916,#937,#466,.T.);
#1175=EDGE_CURVE('',#937,#911,#467,.T.);
#1176=EDGE_CURVE('',#938,#937,#468,.T.);
#1177=EDGE_CURVE('',#912,#938,#469,.T.);
#1178=EDGE_CURVE('',#938,#915,#470,.T.);
#1179=EDGE_CURVE('',#889,#939,#471,.T.);
#1180=EDGE_CURVE('',#940,#939,#50,.T.);
#1181=EDGE_CURVE('',#940,#890,#472,.T.);
#1182=EDGE_CURVE('',#888,#941,#473,.T.);
#1183=EDGE_CURVE('',#939,#941,#474,.T.);
#1184=EDGE_CURVE('',#887,#942,#475,.T.);
#1185=EDGE_CURVE('',#941,#942,#51,.T.);
#1186=EDGE_CURVE('',#882,#943,#476,.T.);
#1187=EDGE_CURVE('',#942,#943,#477,.T.);
#1188=EDGE_CURVE('',#881,#944,#478,.T.);
#1189=EDGE_CURVE('',#943,#944,#52,.T.);
#1190=EDGE_CURVE('',#880,#945,#479,.T.);
#1191=EDGE_CURVE('',#944,#945,#480,.T.);
#1192=EDGE_CURVE('',#879,#946,#481,.T.);
#1193=EDGE_CURVE('',#945,#946,#53,.T.);
#1194=EDGE_CURVE('',#946,#940,#482,.T.);
#1195=EDGE_CURVE('',#858,#947,#483,.T.);
#1196=EDGE_CURVE('',#948,#947,#484,.T.);
#1197=EDGE_CURVE('',#949,#948,#485,.T.);
#1198=EDGE_CURVE('',#949,#859,#486,.T.);
#1199=EDGE_CURVE('',#834,#950,#487,.T.);
#1200=EDGE_CURVE('',#951,#950,#488,.T.);
#1201=EDGE_CURVE('',#836,#951,#489,.T.);
#1202=EDGE_CURVE('',#952,#841,#490,.T.);
#1203=EDGE_CURVE('',#952,#953,#491,.T.);
#1204=EDGE_CURVE('',#953,#838,#492,.T.);
#1205=EDGE_CURVE('',#856,#954,#493,.T.);
#1206=EDGE_CURVE('',#955,#954,#494,.T.);
#1207=EDGE_CURVE('',#956,#955,#495,.T.);
#1208=EDGE_CURVE('',#956,#857,#496,.T.);
#1209=EDGE_CURVE('',#957,#868,#497,.T.);
#1210=EDGE_CURVE('',#865,#957,#498,.T.);
#1211=EDGE_CURVE('',#861,#953,#499,.T.);
#1212=EDGE_CURVE('',#958,#952,#500,.T.);
#1213=EDGE_CURVE('',#958,#862,#501,.T.);
#1214=EDGE_CURVE('',#955,#825,#502,.T.);
#1215=EDGE_CURVE('',#954,#822,#503,.T.);
#1216=EDGE_CURVE('',#950,#860,#504,.T.);
#1217=EDGE_CURVE('',#951,#949,#505,.T.);
#1218=EDGE_CURVE('',#957,#870,#506,.T.);
#1219=EDGE_CURVE('',#854,#956,#507,.T.);
#1220=EDGE_CURVE('',#948,#833,#508,.T.);
#1221=EDGE_CURVE('',#947,#830,#509,.T.);
#1222=EDGE_CURVE('',#959,#863,#510,.T.);
#1223=EDGE_CURVE('',#960,#958,#511,.T.);
#1224=EDGE_CURVE('',#960,#959,#512,.T.);
#1225=EDGE_CURVE('',#842,#959,#513,.T.);
#1226=EDGE_CURVE('',#844,#960,#514,.T.);
#1227=EDGE_CURVE('',#961,#962,#515,.T.);
#1228=EDGE_CURVE('',#962,#963,#54,.T.);
#1229=EDGE_CURVE('',#963,#964,#516,.T.);
#1230=EDGE_CURVE('',#964,#965,#55,.T.);
#1231=EDGE_CURVE('',#965,#966,#517,.T.);
#1232=EDGE_CURVE('',#966,#967,#56,.T.);
#1233=EDGE_CURVE('',#967,#968,#518,.T.);
#1234=EDGE_CURVE('',#968,#961,#57,.T.);
#1235=EDGE_CURVE('',#969,#970,#519,.T.);
#1236=EDGE_CURVE('',#970,#971,#58,.T.);
#1237=EDGE_CURVE('',#971,#972,#520,.T.);
#1238=EDGE_CURVE('',#972,#973,#59,.T.);
#1239=EDGE_CURVE('',#973,#974,#521,.T.);
#1240=EDGE_CURVE('',#974,#975,#60,.T.);
#1241=EDGE_CURVE('',#975,#976,#522,.T.);
#1242=EDGE_CURVE('',#976,#969,#61,.T.);
#1243=EDGE_CURVE('',#962,#969,#523,.T.);
#1244=EDGE_CURVE('',#963,#976,#524,.T.);
#1245=EDGE_CURVE('',#964,#975,#525,.T.);
#1246=EDGE_CURVE('',#965,#974,#526,.T.);
#1247=EDGE_CURVE('',#966,#973,#527,.T.);
#1248=EDGE_CURVE('',#967,#972,#528,.T.);
#1249=EDGE_CURVE('',#968,#971,#529,.T.);
#1250=EDGE_CURVE('',#961,#970,#530,.T.);
#1251=EDGE_CURVE('',#977,#978,#531,.T.);
#1252=EDGE_CURVE('',#977,#979,#532,.T.);
#1253=EDGE_CURVE('',#980,#979,#533,.T.);
#1254=EDGE_CURVE('',#978,#980,#534,.T.);
#1255=EDGE_CURVE('',#978,#981,#535,.T.);
#1256=EDGE_CURVE('',#982,#980,#536,.T.);
#1257=EDGE_CURVE('',#981,#982,#537,.T.);
#1258=EDGE_CURVE('',#983,#981,#538,.T.);
#1259=EDGE_CURVE('',#984,#982,#539,.T.);
#1260=EDGE_CURVE('',#983,#984,#540,.T.);
#1261=EDGE_CURVE('',#977,#983,#541,.T.);
#1262=EDGE_CURVE('',#979,#984,#542,.T.);
#1263=EDGE_CURVE('',#985,#986,#543,.T.);
#1264=EDGE_CURVE('',#985,#987,#544,.T.);
#1265=EDGE_CURVE('',#988,#987,#545,.T.);
#1266=EDGE_CURVE('',#986,#988,#546,.T.);
#1267=EDGE_CURVE('',#989,#986,#547,.T.);
#1268=EDGE_CURVE('',#990,#988,#548,.T.);
#1269=EDGE_CURVE('',#989,#990,#549,.T.);
#1270=EDGE_CURVE('',#991,#989,#550,.T.);
#1271=EDGE_CURVE('',#992,#990,#551,.T.);
#1272=EDGE_CURVE('',#991,#992,#552,.T.);
#1273=EDGE_CURVE('',#991,#985,#553,.T.);
#1274=EDGE_CURVE('',#987,#992,#554,.T.);
#1275=ORIENTED_EDGE('',*,*,#993,.F.);
#1276=ORIENTED_EDGE('',*,*,#994,.T.);
#1277=ORIENTED_EDGE('',*,*,#995,.F.);
#1278=ORIENTED_EDGE('',*,*,#996,.F.);
#1279=ORIENTED_EDGE('',*,*,#997,.F.);
#1280=ORIENTED_EDGE('',*,*,#998,.T.);
#1281=ORIENTED_EDGE('',*,*,#999,.F.);
#1282=ORIENTED_EDGE('',*,*,#994,.F.);
#1283=ORIENTED_EDGE('',*,*,#1000,.F.);
#1284=ORIENTED_EDGE('',*,*,#1001,.T.);
#1285=ORIENTED_EDGE('',*,*,#1002,.F.);
#1286=ORIENTED_EDGE('',*,*,#998,.F.);
#1287=ORIENTED_EDGE('',*,*,#1003,.F.);
#1288=ORIENTED_EDGE('',*,*,#1004,.T.);
#1289=ORIENTED_EDGE('',*,*,#1005,.F.);
#1290=ORIENTED_EDGE('',*,*,#1001,.F.);
#1291=ORIENTED_EDGE('',*,*,#1006,.F.);
#1292=ORIENTED_EDGE('',*,*,#1007,.T.);
#1293=ORIENTED_EDGE('',*,*,#1008,.F.);
#1294=ORIENTED_EDGE('',*,*,#1004,.F.);
#1295=ORIENTED_EDGE('',*,*,#1009,.F.);
#1296=ORIENTED_EDGE('',*,*,#1010,.T.);
#1297=ORIENTED_EDGE('',*,*,#1011,.F.);
#1298=ORIENTED_EDGE('',*,*,#1007,.F.);
#1299=ORIENTED_EDGE('',*,*,#1012,.F.);
#1300=ORIENTED_EDGE('',*,*,#1013,.T.);
#1301=ORIENTED_EDGE('',*,*,#1014,.F.);
#1302=ORIENTED_EDGE('',*,*,#1010,.F.);
#1303=ORIENTED_EDGE('',*,*,#1015,.F.);
#1304=ORIENTED_EDGE('',*,*,#996,.T.);
#1305=ORIENTED_EDGE('',*,*,#1016,.F.);
#1306=ORIENTED_EDGE('',*,*,#1013,.F.);
#1307=ORIENTED_EDGE('',*,*,#995,.T.);
#1308=ORIENTED_EDGE('',*,*,#999,.T.);
#1309=ORIENTED_EDGE('',*,*,#1002,.T.);
#1310=ORIENTED_EDGE('',*,*,#1005,.T.);
#1311=ORIENTED_EDGE('',*,*,#1008,.T.);
#1312=ORIENTED_EDGE('',*,*,#1011,.T.);
#1313=ORIENTED_EDGE('',*,*,#1014,.T.);
#1314=ORIENTED_EDGE('',*,*,#1016,.T.);
#1315=ORIENTED_EDGE('',*,*,#993,.T.);
#1316=ORIENTED_EDGE('',*,*,#1015,.T.);
#1317=ORIENTED_EDGE('',*,*,#1012,.T.);
#1318=ORIENTED_EDGE('',*,*,#1009,.T.);
#1319=ORIENTED_EDGE('',*,*,#1006,.T.);
#1320=ORIENTED_EDGE('',*,*,#1003,.T.);
#1321=ORIENTED_EDGE('',*,*,#1000,.T.);
#1322=ORIENTED_EDGE('',*,*,#997,.T.);
#1323=ORIENTED_EDGE('',*,*,#1017,.F.);
#1324=ORIENTED_EDGE('',*,*,#1018,.F.);
#1325=ORIENTED_EDGE('',*,*,#1019,.F.);
#1326=ORIENTED_EDGE('',*,*,#1020,.F.);
#1327=ORIENTED_EDGE('',*,*,#1021,.F.);
#1328=ORIENTED_EDGE('',*,*,#1022,.F.);
#1329=ORIENTED_EDGE('',*,*,#1023,.F.);
#1330=ORIENTED_EDGE('',*,*,#1024,.F.);
#1331=ORIENTED_EDGE('',*,*,#1019,.T.);
#1332=ORIENTED_EDGE('',*,*,#1025,.F.);
#1333=ORIENTED_EDGE('',*,*,#1026,.F.);
#1334=ORIENTED_EDGE('',*,*,#1027,.F.);
#1335=ORIENTED_EDGE('',*,*,#1028,.F.);
#1336=ORIENTED_EDGE('',*,*,#1029,.F.);
#1337=ORIENTED_EDGE('',*,*,#1030,.F.);
#1338=ORIENTED_EDGE('',*,*,#1031,.F.);
#1339=ORIENTED_EDGE('',*,*,#1032,.F.);
#1340=ORIENTED_EDGE('',*,*,#1033,.F.);
#1341=ORIENTED_EDGE('',*,*,#1028,.T.);
#1342=ORIENTED_EDGE('',*,*,#1034,.F.);
#1343=ORIENTED_EDGE('',*,*,#1035,.F.);
#1344=ORIENTED_EDGE('',*,*,#1036,.F.);
#1345=ORIENTED_EDGE('',*,*,#1037,.F.);
#1346=ORIENTED_EDGE('',*,*,#1038,.F.);
#1347=ORIENTED_EDGE('',*,*,#1039,.F.);
#1348=ORIENTED_EDGE('',*,*,#1040,.F.);
#1349=ORIENTED_EDGE('',*,*,#1041,.F.);
#1350=ORIENTED_EDGE('',*,*,#1042,.F.);
#1351=ORIENTED_EDGE('',*,*,#1037,.T.);
#1352=ORIENTED_EDGE('',*,*,#1043,.F.);
#1353=ORIENTED_EDGE('',*,*,#1044,.F.);
#1354=ORIENTED_EDGE('',*,*,#1045,.F.);
#1355=ORIENTED_EDGE('',*,*,#1046,.F.);
#1356=ORIENTED_EDGE('',*,*,#1047,.F.);
#1357=ORIENTED_EDGE('',*,*,#1048,.F.);
#1358=ORIENTED_EDGE('',*,*,#1049,.F.);
#1359=ORIENTED_EDGE('',*,*,#1050,.F.);
#1360=ORIENTED_EDGE('',*,*,#1051,.F.);
#1361=ORIENTED_EDGE('',*,*,#1046,.T.);
#1362=ORIENTED_EDGE('',*,*,#1052,.F.);
#1363=ORIENTED_EDGE('',*,*,#1023,.T.);
#1364=ORIENTED_EDGE('',*,*,#1053,.T.);
#1365=ORIENTED_EDGE('',*,*,#1054,.F.);
#1366=ORIENTED_EDGE('',*,*,#1055,.F.);
#1367=ORIENTED_EDGE('',*,*,#1022,.T.);
#1368=ORIENTED_EDGE('',*,*,#1056,.F.);
#1369=ORIENTED_EDGE('',*,*,#1057,.F.);
#1370=ORIENTED_EDGE('',*,*,#1053,.F.);
#1371=ORIENTED_EDGE('',*,*,#1018,.T.);
#1372=ORIENTED_EDGE('',*,*,#1058,.T.);
#1373=ORIENTED_EDGE('',*,*,#1059,.T.);
#1374=ORIENTED_EDGE('',*,*,#1060,.T.);
#1375=ORIENTED_EDGE('',*,*,#1056,.T.);
#1376=ORIENTED_EDGE('',*,*,#1025,.T.);
#1377=ORIENTED_EDGE('',*,*,#1027,.T.);
#1378=ORIENTED_EDGE('',*,*,#1061,.T.);
#1379=ORIENTED_EDGE('',*,*,#1062,.T.);
#1380=ORIENTED_EDGE('',*,*,#1063,.T.);
#1381=ORIENTED_EDGE('',*,*,#1064,.T.);
#1382=ORIENTED_EDGE('',*,*,#1034,.T.);
#1383=ORIENTED_EDGE('',*,*,#1036,.T.);
#1384=ORIENTED_EDGE('',*,*,#1065,.T.);
#1385=ORIENTED_EDGE('',*,*,#1066,.T.);
#1386=ORIENTED_EDGE('',*,*,#1067,.T.);
#1387=ORIENTED_EDGE('',*,*,#1068,.T.);
#1388=ORIENTED_EDGE('',*,*,#1043,.T.);
#1389=ORIENTED_EDGE('',*,*,#1050,.T.);
#1390=ORIENTED_EDGE('',*,*,#1069,.T.);
#1391=ORIENTED_EDGE('',*,*,#1070,.F.);
#1392=ORIENTED_EDGE('',*,*,#1071,.F.);
#1393=ORIENTED_EDGE('',*,*,#1049,.T.);
#1394=ORIENTED_EDGE('',*,*,#1072,.F.);
#1395=ORIENTED_EDGE('',*,*,#1073,.F.);
#1396=ORIENTED_EDGE('',*,*,#1069,.F.);
#1397=ORIENTED_EDGE('',*,*,#1045,.T.);
#1398=ORIENTED_EDGE('',*,*,#1074,.T.);
#1399=ORIENTED_EDGE('',*,*,#1075,.T.);
#1400=ORIENTED_EDGE('',*,*,#1076,.T.);
#1401=ORIENTED_EDGE('',*,*,#1072,.T.);
#1402=ORIENTED_EDGE('',*,*,#1052,.T.);
#1403=ORIENTED_EDGE('',*,*,#1044,.T.);
#1404=ORIENTED_EDGE('',*,*,#1077,.F.);
#1405=ORIENTED_EDGE('',*,*,#1078,.F.);
#1406=ORIENTED_EDGE('',*,*,#1074,.F.);
#1407=ORIENTED_EDGE('',*,*,#1048,.T.);
#1408=ORIENTED_EDGE('',*,*,#1079,.F.);
#1409=ORIENTED_EDGE('',*,*,#1080,.T.);
#1410=ORIENTED_EDGE('',*,*,#1077,.T.);
#1411=ORIENTED_EDGE('',*,*,#1081,.F.);
#1412=ORIENTED_EDGE('',*,*,#1082,.F.);
#1413=ORIENTED_EDGE('',*,*,#1083,.T.);
#1414=ORIENTED_EDGE('',*,*,#1084,.F.);
#1415=ORIENTED_EDGE('',*,*,#1085,.F.);
#1416=ORIENTED_EDGE('',*,*,#1086,.T.);
#1417=ORIENTED_EDGE('',*,*,#1087,.T.);
#1418=ORIENTED_EDGE('',*,*,#1088,.F.);
#1419=ORIENTED_EDGE('',*,*,#1089,.F.);
#1420=ORIENTED_EDGE('',*,*,#1084,.T.);
#1421=ORIENTED_EDGE('',*,*,#1090,.T.);
#1422=ORIENTED_EDGE('',*,*,#1086,.F.);
#1423=ORIENTED_EDGE('',*,*,#1090,.F.);
#1424=ORIENTED_EDGE('',*,*,#1083,.F.);
#1425=ORIENTED_EDGE('',*,*,#1091,.F.);
#1426=ORIENTED_EDGE('',*,*,#1087,.F.);
#1427=ORIENTED_EDGE('',*,*,#1088,.T.);
#1428=ORIENTED_EDGE('',*,*,#1091,.T.);
#1429=ORIENTED_EDGE('',*,*,#1082,.T.);
#1430=ORIENTED_EDGE('',*,*,#1092,.T.);
#1431=ORIENTED_EDGE('',*,*,#1093,.T.);
#1432=ORIENTED_EDGE('',*,*,#1094,.T.);
#1433=ORIENTED_EDGE('',*,*,#1095,.T.);
#1434=ORIENTED_EDGE('',*,*,#1096,.T.);
#1435=ORIENTED_EDGE('',*,*,#1097,.T.);
#1436=ORIENTED_EDGE('',*,*,#1098,.T.);
#1437=ORIENTED_EDGE('',*,*,#1099,.T.);
#1438=ORIENTED_EDGE('',*,*,#1100,.T.);
#1439=ORIENTED_EDGE('',*,*,#1101,.T.);
#1440=ORIENTED_EDGE('',*,*,#1102,.T.);
#1441=ORIENTED_EDGE('',*,*,#1103,.T.);
#1442=ORIENTED_EDGE('',*,*,#1104,.T.);
#1443=ORIENTED_EDGE('',*,*,#1105,.T.);
#1444=ORIENTED_EDGE('',*,*,#1106,.T.);
#1445=ORIENTED_EDGE('',*,*,#1107,.T.);
#1446=ORIENTED_EDGE('',*,*,#1108,.T.);
#1447=ORIENTED_EDGE('',*,*,#1109,.T.);
#1448=ORIENTED_EDGE('',*,*,#1110,.T.);
#1449=ORIENTED_EDGE('',*,*,#1111,.T.);
#1450=ORIENTED_EDGE('',*,*,#1112,.T.);
#1451=ORIENTED_EDGE('',*,*,#1113,.F.);
#1452=ORIENTED_EDGE('',*,*,#1114,.T.);
#1453=ORIENTED_EDGE('',*,*,#1115,.T.);
#1454=ORIENTED_EDGE('',*,*,#1097,.F.);
#1455=ORIENTED_EDGE('',*,*,#1116,.F.);
#1456=ORIENTED_EDGE('',*,*,#1117,.T.);
#1457=ORIENTED_EDGE('',*,*,#1118,.T.);
#1458=ORIENTED_EDGE('',*,*,#1114,.F.);
#1459=ORIENTED_EDGE('',*,*,#1119,.F.);
#1460=ORIENTED_EDGE('',*,*,#1099,.F.);
#1461=ORIENTED_EDGE('',*,*,#1120,.T.);
#1462=ORIENTED_EDGE('',*,*,#1117,.F.);
#1463=ORIENTED_EDGE('',*,*,#1098,.F.);
#1464=ORIENTED_EDGE('',*,*,#1115,.F.);
#1465=ORIENTED_EDGE('',*,*,#1118,.F.);
#1466=ORIENTED_EDGE('',*,*,#1120,.F.);
#1467=ORIENTED_EDGE('',*,*,#1105,.F.);
#1468=ORIENTED_EDGE('',*,*,#1121,.T.);
#1469=ORIENTED_EDGE('',*,*,#1122,.T.);
#1470=ORIENTED_EDGE('',*,*,#1123,.T.);
#1471=ORIENTED_EDGE('',*,*,#1107,.F.);
#1472=ORIENTED_EDGE('',*,*,#1124,.T.);
#1473=ORIENTED_EDGE('',*,*,#1125,.T.);
#1474=ORIENTED_EDGE('',*,*,#1126,.T.);
#1475=ORIENTED_EDGE('',*,*,#1111,.F.);
#1476=ORIENTED_EDGE('',*,*,#1127,.T.);
#1477=ORIENTED_EDGE('',*,*,#1128,.T.);
#1478=ORIENTED_EDGE('',*,*,#1129,.T.);
#1479=ORIENTED_EDGE('',*,*,#1109,.F.);
#1480=ORIENTED_EDGE('',*,*,#1130,.T.);
#1481=ORIENTED_EDGE('',*,*,#1131,.T.);
#1482=ORIENTED_EDGE('',*,*,#1132,.T.);
#1483=ORIENTED_EDGE('',*,*,#1133,.F.);
#1484=ORIENTED_EDGE('',*,*,#1130,.F.);
#1485=ORIENTED_EDGE('',*,*,#1108,.F.);
#1486=ORIENTED_EDGE('',*,*,#1126,.F.);
#1487=ORIENTED_EDGE('',*,*,#1134,.F.);
#1488=ORIENTED_EDGE('',*,*,#1121,.F.);
#1489=ORIENTED_EDGE('',*,*,#1112,.F.);
#1490=ORIENTED_EDGE('',*,*,#1129,.F.);
#1491=ORIENTED_EDGE('',*,*,#1135,.T.);
#1492=ORIENTED_EDGE('',*,*,#1136,.T.);
#1493=ORIENTED_EDGE('',*,*,#1137,.T.);
#1494=ORIENTED_EDGE('',*,*,#1138,.F.);
#1495=ORIENTED_EDGE('',*,*,#1139,.T.);
#1496=ORIENTED_EDGE('',*,*,#1140,.T.);
#1497=ORIENTED_EDGE('',*,*,#1141,.T.);
#1498=ORIENTED_EDGE('',*,*,#1142,.F.);
#1499=ORIENTED_EDGE('',*,*,#1143,.F.);
#1500=ORIENTED_EDGE('',*,*,#1124,.F.);
#1501=ORIENTED_EDGE('',*,*,#1106,.F.);
#1502=ORIENTED_EDGE('',*,*,#1123,.F.);
#1503=ORIENTED_EDGE('',*,*,#1144,.F.);
#1504=ORIENTED_EDGE('',*,*,#1137,.F.);
#1505=ORIENTED_EDGE('',*,*,#1145,.F.);
#1506=ORIENTED_EDGE('',*,*,#1141,.F.);
#1507=ORIENTED_EDGE('',*,*,#1146,.F.);
#1508=ORIENTED_EDGE('',*,*,#1147,.T.);
#1509=ORIENTED_EDGE('',*,*,#1148,.T.);
#1510=ORIENTED_EDGE('',*,*,#1149,.F.);
#1511=ORIENTED_EDGE('',*,*,#1150,.F.);
#1512=ORIENTED_EDGE('',*,*,#1151,.F.);
#1513=ORIENTED_EDGE('',*,*,#1152,.T.);
#1514=ORIENTED_EDGE('',*,*,#1153,.F.);
#1515=ORIENTED_EDGE('',*,*,#1154,.F.);
#1516=ORIENTED_EDGE('',*,*,#1149,.T.);
#1517=ORIENTED_EDGE('',*,*,#1155,.T.);
#1518=ORIENTED_EDGE('',*,*,#1156,.F.);
#1519=ORIENTED_EDGE('',*,*,#1157,.F.);
#1520=ORIENTED_EDGE('',*,*,#1158,.T.);
#1521=ORIENTED_EDGE('',*,*,#1159,.T.);
#1522=ORIENTED_EDGE('',*,*,#1147,.F.);
#1523=ORIENTED_EDGE('',*,*,#1160,.F.);
#1524=ORIENTED_EDGE('',*,*,#1161,.F.);
#1525=ORIENTED_EDGE('',*,*,#1162,.T.);
#1526=ORIENTED_EDGE('',*,*,#1163,.F.);
#1527=ORIENTED_EDGE('',*,*,#1164,.F.);
#1528=ORIENTED_EDGE('',*,*,#1156,.T.);
#1529=ORIENTED_EDGE('',*,*,#1165,.T.);
#1530=ORIENTED_EDGE('',*,*,#1158,.F.);
#1531=ORIENTED_EDGE('',*,*,#1166,.F.);
#1532=ORIENTED_EDGE('',*,*,#1127,.F.);
#1533=ORIENTED_EDGE('',*,*,#1110,.F.);
#1534=ORIENTED_EDGE('',*,*,#1132,.F.);
#1535=ORIENTED_EDGE('',*,*,#1155,.F.);
#1536=ORIENTED_EDGE('',*,*,#1148,.F.);
#1537=ORIENTED_EDGE('',*,*,#1159,.F.);
#1538=ORIENTED_EDGE('',*,*,#1165,.F.);
#1539=ORIENTED_EDGE('',*,*,#1153,.T.);
#1540=ORIENTED_EDGE('',*,*,#1167,.T.);
#1541=ORIENTED_EDGE('',*,*,#1168,.T.);
#1542=ORIENTED_EDGE('',*,*,#1161,.T.);
#1543=ORIENTED_EDGE('',*,*,#1169,.F.);
#1544=ORIENTED_EDGE('',*,*,#1150,.T.);
#1545=ORIENTED_EDGE('',*,*,#1154,.T.);
#1546=ORIENTED_EDGE('',*,*,#1164,.T.);
#1547=ORIENTED_EDGE('',*,*,#1170,.T.);
#1548=ORIENTED_EDGE('',*,*,#1151,.T.);
#1549=ORIENTED_EDGE('',*,*,#1170,.F.);
#1550=ORIENTED_EDGE('',*,*,#1163,.T.);
#1551=ORIENTED_EDGE('',*,*,#1171,.T.);
#1552=ORIENTED_EDGE('',*,*,#1172,.T.);
#1553=ORIENTED_EDGE('',*,*,#1152,.F.);
#1554=ORIENTED_EDGE('',*,*,#1172,.F.);
#1555=ORIENTED_EDGE('',*,*,#1173,.F.);
#1556=ORIENTED_EDGE('',*,*,#1167,.F.);
#1557=ORIENTED_EDGE('',*,*,#1162,.F.);
#1558=ORIENTED_EDGE('',*,*,#1168,.F.);
#1559=ORIENTED_EDGE('',*,*,#1173,.T.);
#1560=ORIENTED_EDGE('',*,*,#1171,.F.);
#1561=ORIENTED_EDGE('',*,*,#1174,.T.);
#1562=ORIENTED_EDGE('',*,*,#1175,.T.);
#1563=ORIENTED_EDGE('',*,*,#1138,.T.);
#1564=ORIENTED_EDGE('',*,*,#1144,.T.);
#1565=ORIENTED_EDGE('',*,*,#1140,.F.);
#1566=ORIENTED_EDGE('',*,*,#1176,.F.);
#1567=ORIENTED_EDGE('',*,*,#1177,.F.);
#1568=ORIENTED_EDGE('',*,*,#1135,.F.);
#1569=ORIENTED_EDGE('',*,*,#1175,.F.);
#1570=ORIENTED_EDGE('',*,*,#1139,.F.);
#1571=ORIENTED_EDGE('',*,*,#1178,.F.);
#1572=ORIENTED_EDGE('',*,*,#1176,.T.);
#1573=ORIENTED_EDGE('',*,*,#1174,.F.);
#1574=ORIENTED_EDGE('',*,*,#1178,.T.);
#1575=ORIENTED_EDGE('',*,*,#1142,.T.);
#1576=ORIENTED_EDGE('',*,*,#1145,.T.);
#1577=ORIENTED_EDGE('',*,*,#1136,.F.);
#1578=ORIENTED_EDGE('',*,*,#1177,.T.);
#1579=ORIENTED_EDGE('',*,*,#1146,.T.);
#1580=ORIENTED_EDGE('',*,*,#1169,.T.);
#1581=ORIENTED_EDGE('',*,*,#1160,.T.);
#1582=ORIENTED_EDGE('',*,*,#1157,.T.);
#1583=ORIENTED_EDGE('',*,*,#1179,.T.);
#1584=ORIENTED_EDGE('',*,*,#1180,.F.);
#1585=ORIENTED_EDGE('',*,*,#1181,.T.);
#1586=ORIENTED_EDGE('',*,*,#1103,.F.);
#1587=ORIENTED_EDGE('',*,*,#1182,.T.);
#1588=ORIENTED_EDGE('',*,*,#1183,.F.);
#1589=ORIENTED_EDGE('',*,*,#1179,.F.);
#1590=ORIENTED_EDGE('',*,*,#1102,.F.);
#1591=ORIENTED_EDGE('',*,*,#1184,.T.);
#1592=ORIENTED_EDGE('',*,*,#1185,.F.);
#1593=ORIENTED_EDGE('',*,*,#1182,.F.);
#1594=ORIENTED_EDGE('',*,*,#1101,.F.);
#1595=ORIENTED_EDGE('',*,*,#1113,.T.);
#1596=ORIENTED_EDGE('',*,*,#1096,.F.);
#1597=ORIENTED_EDGE('',*,*,#1186,.T.);
#1598=ORIENTED_EDGE('',*,*,#1187,.F.);
#1599=ORIENTED_EDGE('',*,*,#1184,.F.);
#1600=ORIENTED_EDGE('',*,*,#1100,.F.);
#1601=ORIENTED_EDGE('',*,*,#1119,.T.);
#1602=ORIENTED_EDGE('',*,*,#1116,.T.);
#1603=ORIENTED_EDGE('',*,*,#1188,.T.);
#1604=ORIENTED_EDGE('',*,*,#1189,.F.);
#1605=ORIENTED_EDGE('',*,*,#1186,.F.);
#1606=ORIENTED_EDGE('',*,*,#1095,.F.);
#1607=ORIENTED_EDGE('',*,*,#1190,.T.);
#1608=ORIENTED_EDGE('',*,*,#1191,.F.);
#1609=ORIENTED_EDGE('',*,*,#1188,.F.);
#1610=ORIENTED_EDGE('',*,*,#1094,.F.);
#1611=ORIENTED_EDGE('',*,*,#1192,.T.);
#1612=ORIENTED_EDGE('',*,*,#1193,.F.);
#1613=ORIENTED_EDGE('',*,*,#1190,.F.);
#1614=ORIENTED_EDGE('',*,*,#1093,.F.);
#1615=ORIENTED_EDGE('',*,*,#1085,.T.);
#1616=ORIENTED_EDGE('',*,*,#1104,.F.);
#1617=ORIENTED_EDGE('',*,*,#1181,.F.);
#1618=ORIENTED_EDGE('',*,*,#1194,.F.);
#1619=ORIENTED_EDGE('',*,*,#1192,.F.);
#1620=ORIENTED_EDGE('',*,*,#1092,.F.);
#1621=ORIENTED_EDGE('',*,*,#1081,.T.);
#1622=ORIENTED_EDGE('',*,*,#1089,.T.);
#1623=ORIENTED_EDGE('',*,*,#1195,.T.);
#1624=ORIENTED_EDGE('',*,*,#1196,.F.);
#1625=ORIENTED_EDGE('',*,*,#1197,.F.);
#1626=ORIENTED_EDGE('',*,*,#1198,.T.);
#1627=ORIENTED_EDGE('',*,*,#1062,.F.);
#1628=ORIENTED_EDGE('',*,*,#1032,.T.);
#1629=ORIENTED_EDGE('',*,*,#1199,.T.);
#1630=ORIENTED_EDGE('',*,*,#1200,.F.);
#1631=ORIENTED_EDGE('',*,*,#1201,.F.);
#1632=ORIENTED_EDGE('',*,*,#1039,.T.);
#1633=ORIENTED_EDGE('',*,*,#1202,.F.);
#1634=ORIENTED_EDGE('',*,*,#1203,.T.);
#1635=ORIENTED_EDGE('',*,*,#1204,.T.);
#1636=ORIENTED_EDGE('',*,*,#1205,.T.);
#1637=ORIENTED_EDGE('',*,*,#1206,.F.);
#1638=ORIENTED_EDGE('',*,*,#1207,.F.);
#1639=ORIENTED_EDGE('',*,*,#1208,.T.);
#1640=ORIENTED_EDGE('',*,*,#1059,.F.);
#1641=ORIENTED_EDGE('',*,*,#1073,.T.);
#1642=ORIENTED_EDGE('',*,*,#1076,.F.);
#1643=ORIENTED_EDGE('',*,*,#1209,.F.);
#1644=ORIENTED_EDGE('',*,*,#1210,.F.);
#1645=ORIENTED_EDGE('',*,*,#1070,.T.);
#1646=ORIENTED_EDGE('',*,*,#1211,.T.);
#1647=ORIENTED_EDGE('',*,*,#1203,.F.);
#1648=ORIENTED_EDGE('',*,*,#1212,.F.);
#1649=ORIENTED_EDGE('',*,*,#1213,.T.);
#1650=ORIENTED_EDGE('',*,*,#1066,.F.);
#1651=ORIENTED_EDGE('',*,*,#1021,.T.);
#1652=ORIENTED_EDGE('',*,*,#1214,.F.);
#1653=ORIENTED_EDGE('',*,*,#1206,.T.);
#1654=ORIENTED_EDGE('',*,*,#1215,.T.);
#1655=ORIENTED_EDGE('',*,*,#1216,.T.);
#1656=ORIENTED_EDGE('',*,*,#1063,.F.);
#1657=ORIENTED_EDGE('',*,*,#1198,.F.);
#1658=ORIENTED_EDGE('',*,*,#1217,.F.);
#1659=ORIENTED_EDGE('',*,*,#1200,.T.);
#1660=ORIENTED_EDGE('',*,*,#1035,.T.);
#1661=ORIENTED_EDGE('',*,*,#1204,.F.);
#1662=ORIENTED_EDGE('',*,*,#1211,.F.);
#1663=ORIENTED_EDGE('',*,*,#1065,.F.);
#1664=ORIENTED_EDGE('',*,*,#1031,.T.);
#1665=ORIENTED_EDGE('',*,*,#1064,.F.);
#1666=ORIENTED_EDGE('',*,*,#1216,.F.);
#1667=ORIENTED_EDGE('',*,*,#1199,.F.);
#1668=ORIENTED_EDGE('',*,*,#1017,.T.);
#1669=ORIENTED_EDGE('',*,*,#1215,.F.);
#1670=ORIENTED_EDGE('',*,*,#1205,.F.);
#1671=ORIENTED_EDGE('',*,*,#1058,.F.);
#1672=ORIENTED_EDGE('',*,*,#1078,.T.);
#1673=ORIENTED_EDGE('',*,*,#1080,.F.);
#1674=ORIENTED_EDGE('',*,*,#1218,.F.);
#1675=ORIENTED_EDGE('',*,*,#1209,.T.);
#1676=ORIENTED_EDGE('',*,*,#1075,.F.);
#1677=ORIENTED_EDGE('',*,*,#1057,.T.);
#1678=ORIENTED_EDGE('',*,*,#1060,.F.);
#1679=ORIENTED_EDGE('',*,*,#1208,.F.);
#1680=ORIENTED_EDGE('',*,*,#1219,.F.);
#1681=ORIENTED_EDGE('',*,*,#1054,.T.);
#1682=ORIENTED_EDGE('',*,*,#1030,.T.);
#1683=ORIENTED_EDGE('',*,*,#1220,.F.);
#1684=ORIENTED_EDGE('',*,*,#1196,.T.);
#1685=ORIENTED_EDGE('',*,*,#1221,.T.);
#1686=ORIENTED_EDGE('',*,*,#1222,.T.);
#1687=ORIENTED_EDGE('',*,*,#1067,.F.);
#1688=ORIENTED_EDGE('',*,*,#1213,.F.);
#1689=ORIENTED_EDGE('',*,*,#1223,.F.);
#1690=ORIENTED_EDGE('',*,*,#1224,.T.);
#1691=ORIENTED_EDGE('',*,*,#1041,.T.);
#1692=ORIENTED_EDGE('',*,*,#1225,.T.);
#1693=ORIENTED_EDGE('',*,*,#1224,.F.);
#1694=ORIENTED_EDGE('',*,*,#1226,.F.);
#1695=ORIENTED_EDGE('',*,*,#1040,.T.);
#1696=ORIENTED_EDGE('',*,*,#1068,.F.);
#1697=ORIENTED_EDGE('',*,*,#1222,.F.);
#1698=ORIENTED_EDGE('',*,*,#1225,.F.);
#1699=ORIENTED_EDGE('',*,*,#1026,.T.);
#1700=ORIENTED_EDGE('',*,*,#1221,.F.);
#1701=ORIENTED_EDGE('',*,*,#1195,.F.);
#1702=ORIENTED_EDGE('',*,*,#1061,.F.);
#1703=ORIENTED_EDGE('',*,*,#1122,.F.);
#1704=ORIENTED_EDGE('',*,*,#1134,.T.);
#1705=ORIENTED_EDGE('',*,*,#1128,.F.);
#1706=ORIENTED_EDGE('',*,*,#1166,.T.);
#1707=ORIENTED_EDGE('',*,*,#1131,.F.);
#1708=ORIENTED_EDGE('',*,*,#1133,.T.);
#1709=ORIENTED_EDGE('',*,*,#1125,.F.);
#1710=ORIENTED_EDGE('',*,*,#1143,.T.);
#1711=ORIENTED_EDGE('',*,*,#1218,.T.);
#1712=ORIENTED_EDGE('',*,*,#1079,.T.);
#1713=ORIENTED_EDGE('',*,*,#1047,.T.);
#1714=ORIENTED_EDGE('',*,*,#1051,.T.);
#1715=ORIENTED_EDGE('',*,*,#1071,.T.);
#1716=ORIENTED_EDGE('',*,*,#1210,.T.);
#1717=ORIENTED_EDGE('',*,*,#1220,.T.);
#1718=ORIENTED_EDGE('',*,*,#1029,.T.);
#1719=ORIENTED_EDGE('',*,*,#1033,.T.);
#1720=ORIENTED_EDGE('',*,*,#1201,.T.);
#1721=ORIENTED_EDGE('',*,*,#1217,.T.);
#1722=ORIENTED_EDGE('',*,*,#1197,.T.);
#1723=ORIENTED_EDGE('',*,*,#1202,.T.);
#1724=ORIENTED_EDGE('',*,*,#1038,.T.);
#1725=ORIENTED_EDGE('',*,*,#1042,.T.);
#1726=ORIENTED_EDGE('',*,*,#1226,.T.);
#1727=ORIENTED_EDGE('',*,*,#1223,.T.);
#1728=ORIENTED_EDGE('',*,*,#1212,.T.);
#1729=ORIENTED_EDGE('',*,*,#1214,.T.);
#1730=ORIENTED_EDGE('',*,*,#1020,.T.);
#1731=ORIENTED_EDGE('',*,*,#1024,.T.);
#1732=ORIENTED_EDGE('',*,*,#1055,.T.);
#1733=ORIENTED_EDGE('',*,*,#1219,.T.);
#1734=ORIENTED_EDGE('',*,*,#1207,.T.);
#1735=ORIENTED_EDGE('',*,*,#1227,.T.);
#1736=ORIENTED_EDGE('',*,*,#1228,.T.);
#1737=ORIENTED_EDGE('',*,*,#1229,.T.);
#1738=ORIENTED_EDGE('',*,*,#1230,.T.);
#1739=ORIENTED_EDGE('',*,*,#1231,.T.);
#1740=ORIENTED_EDGE('',*,*,#1232,.T.);
#1741=ORIENTED_EDGE('',*,*,#1233,.T.);
#1742=ORIENTED_EDGE('',*,*,#1234,.T.);
#1743=ORIENTED_EDGE('',*,*,#1180,.T.);
#1744=ORIENTED_EDGE('',*,*,#1183,.T.);
#1745=ORIENTED_EDGE('',*,*,#1185,.T.);
#1746=ORIENTED_EDGE('',*,*,#1187,.T.);
#1747=ORIENTED_EDGE('',*,*,#1189,.T.);
#1748=ORIENTED_EDGE('',*,*,#1191,.T.);
#1749=ORIENTED_EDGE('',*,*,#1193,.T.);
#1750=ORIENTED_EDGE('',*,*,#1194,.T.);
#1751=ORIENTED_EDGE('',*,*,#1235,.T.);
#1752=ORIENTED_EDGE('',*,*,#1236,.T.);
#1753=ORIENTED_EDGE('',*,*,#1237,.T.);
#1754=ORIENTED_EDGE('',*,*,#1238,.T.);
#1755=ORIENTED_EDGE('',*,*,#1239,.T.);
#1756=ORIENTED_EDGE('',*,*,#1240,.T.);
#1757=ORIENTED_EDGE('',*,*,#1241,.T.);
#1758=ORIENTED_EDGE('',*,*,#1242,.T.);
#1759=ORIENTED_EDGE('',*,*,#1228,.F.);
#1760=ORIENTED_EDGE('',*,*,#1243,.T.);
#1761=ORIENTED_EDGE('',*,*,#1242,.F.);
#1762=ORIENTED_EDGE('',*,*,#1244,.F.);
#1763=ORIENTED_EDGE('',*,*,#1229,.F.);
#1764=ORIENTED_EDGE('',*,*,#1244,.T.);
#1765=ORIENTED_EDGE('',*,*,#1241,.F.);
#1766=ORIENTED_EDGE('',*,*,#1245,.F.);
#1767=ORIENTED_EDGE('',*,*,#1230,.F.);
#1768=ORIENTED_EDGE('',*,*,#1245,.T.);
#1769=ORIENTED_EDGE('',*,*,#1240,.F.);
#1770=ORIENTED_EDGE('',*,*,#1246,.F.);
#1771=ORIENTED_EDGE('',*,*,#1231,.F.);
#1772=ORIENTED_EDGE('',*,*,#1246,.T.);
#1773=ORIENTED_EDGE('',*,*,#1239,.F.);
#1774=ORIENTED_EDGE('',*,*,#1247,.F.);
#1775=ORIENTED_EDGE('',*,*,#1232,.F.);
#1776=ORIENTED_EDGE('',*,*,#1247,.T.);
#1777=ORIENTED_EDGE('',*,*,#1238,.F.);
#1778=ORIENTED_EDGE('',*,*,#1248,.F.);
#1779=ORIENTED_EDGE('',*,*,#1233,.F.);
#1780=ORIENTED_EDGE('',*,*,#1248,.T.);
#1781=ORIENTED_EDGE('',*,*,#1237,.F.);
#1782=ORIENTED_EDGE('',*,*,#1249,.F.);
#1783=ORIENTED_EDGE('',*,*,#1234,.F.);
#1784=ORIENTED_EDGE('',*,*,#1249,.T.);
#1785=ORIENTED_EDGE('',*,*,#1236,.F.);
#1786=ORIENTED_EDGE('',*,*,#1250,.F.);
#1787=ORIENTED_EDGE('',*,*,#1227,.F.);
#1788=ORIENTED_EDGE('',*,*,#1250,.T.);
#1789=ORIENTED_EDGE('',*,*,#1235,.F.);
#1790=ORIENTED_EDGE('',*,*,#1243,.F.);
#1791=ORIENTED_EDGE('',*,*,#1251,.F.);
#1792=ORIENTED_EDGE('',*,*,#1252,.T.);
#1793=ORIENTED_EDGE('',*,*,#1253,.F.);
#1794=ORIENTED_EDGE('',*,*,#1254,.F.);
#1795=ORIENTED_EDGE('',*,*,#1255,.F.);
#1796=ORIENTED_EDGE('',*,*,#1254,.T.);
#1797=ORIENTED_EDGE('',*,*,#1256,.F.);
#1798=ORIENTED_EDGE('',*,*,#1257,.F.);
#1799=ORIENTED_EDGE('',*,*,#1258,.T.);
#1800=ORIENTED_EDGE('',*,*,#1257,.T.);
#1801=ORIENTED_EDGE('',*,*,#1259,.F.);
#1802=ORIENTED_EDGE('',*,*,#1260,.F.);
#1803=ORIENTED_EDGE('',*,*,#1261,.T.);
#1804=ORIENTED_EDGE('',*,*,#1260,.T.);
#1805=ORIENTED_EDGE('',*,*,#1262,.F.);
#1806=ORIENTED_EDGE('',*,*,#1252,.F.);
#1807=ORIENTED_EDGE('',*,*,#1262,.T.);
#1808=ORIENTED_EDGE('',*,*,#1259,.T.);
#1809=ORIENTED_EDGE('',*,*,#1256,.T.);
#1810=ORIENTED_EDGE('',*,*,#1253,.T.);
#1811=ORIENTED_EDGE('',*,*,#1261,.F.);
#1812=ORIENTED_EDGE('',*,*,#1251,.T.);
#1813=ORIENTED_EDGE('',*,*,#1255,.T.);
#1814=ORIENTED_EDGE('',*,*,#1258,.F.);
#1815=ORIENTED_EDGE('',*,*,#1263,.F.);
#1816=ORIENTED_EDGE('',*,*,#1264,.T.);
#1817=ORIENTED_EDGE('',*,*,#1265,.F.);
#1818=ORIENTED_EDGE('',*,*,#1266,.F.);
#1819=ORIENTED_EDGE('',*,*,#1267,.T.);
#1820=ORIENTED_EDGE('',*,*,#1266,.T.);
#1821=ORIENTED_EDGE('',*,*,#1268,.F.);
#1822=ORIENTED_EDGE('',*,*,#1269,.F.);
#1823=ORIENTED_EDGE('',*,*,#1270,.T.);
#1824=ORIENTED_EDGE('',*,*,#1269,.T.);
#1825=ORIENTED_EDGE('',*,*,#1271,.F.);
#1826=ORIENTED_EDGE('',*,*,#1272,.F.);
#1827=ORIENTED_EDGE('',*,*,#1273,.F.);
#1828=ORIENTED_EDGE('',*,*,#1272,.T.);
#1829=ORIENTED_EDGE('',*,*,#1274,.F.);
#1830=ORIENTED_EDGE('',*,*,#1264,.F.);
#1831=ORIENTED_EDGE('',*,*,#1274,.T.);
#1832=ORIENTED_EDGE('',*,*,#1271,.T.);
#1833=ORIENTED_EDGE('',*,*,#1268,.T.);
#1834=ORIENTED_EDGE('',*,*,#1265,.T.);
#1835=ORIENTED_EDGE('',*,*,#1273,.T.);
#1836=ORIENTED_EDGE('',*,*,#1263,.T.);
#1837=ORIENTED_EDGE('',*,*,#1267,.F.);
#1838=ORIENTED_EDGE('',*,*,#1270,.F.);
#1839=PLANE('',#2046);
#1840=PLANE('',#2050);
#1841=PLANE('',#2054);
#1842=PLANE('',#2058);
#1843=PLANE('',#2062);
#1844=PLANE('',#2063);
#1845=PLANE('',#2064);
#1846=PLANE('',#2065);
#1847=PLANE('',#2066);
#1848=PLANE('',#2067);
#1849=PLANE('',#2068);
#1850=PLANE('',#2069);
#1851=PLANE('',#2070);
#1852=PLANE('',#2071);
#1853=PLANE('',#2072);
#1854=PLANE('',#2073);
#1855=PLANE('',#2074);
#1856=PLANE('',#2075);
#1857=PLANE('',#2076);
#1858=PLANE('',#2077);
#1859=PLANE('',#2078);
#1860=PLANE('',#2079);
#1861=PLANE('',#2080);
#1862=PLANE('',#2081);
#1863=PLANE('',#2082);
#1864=PLANE('',#2083);
#1865=PLANE('',#2084);
#1866=PLANE('',#2085);
#1867=PLANE('',#2086);
#1868=PLANE('',#2095);
#1869=PLANE('',#2096);
#1870=PLANE('',#2097);
#1871=PLANE('',#2098);
#1872=PLANE('',#2107);
#1873=PLANE('',#2108);
#1874=PLANE('',#2109);
#1875=PLANE('',#2110);
#1876=PLANE('',#2111);
#1877=PLANE('',#2112);
#1878=PLANE('',#2113);
#1879=PLANE('',#2114);
#1880=PLANE('',#2115);
#1881=PLANE('',#2116);
#1882=PLANE('',#2117);
#1883=PLANE('',#2118);
#1884=PLANE('',#2119);
#1885=PLANE('',#2120);
#1886=PLANE('',#2121);
#1887=PLANE('',#2122);
#1888=PLANE('',#2123);
#1889=PLANE('',#2124);
#1890=PLANE('',#2125);
#1891=PLANE('',#2126);
#1892=PLANE('',#2129);
#1893=PLANE('',#2132);
#1894=PLANE('',#2135);
#1895=PLANE('',#2138);
#1896=PLANE('',#2139);
#1897=PLANE('',#2140);
#1898=PLANE('',#2141);
#1899=PLANE('',#2142);
#1900=PLANE('',#2143);
#1901=PLANE('',#2144);
#1902=PLANE('',#2145);
#1903=PLANE('',#2146);
#1904=PLANE('',#2147);
#1905=PLANE('',#2148);
#1906=PLANE('',#2149);
#1907=PLANE('',#2150);
#1908=PLANE('',#2151);
#1909=PLANE('',#2152);
#1910=PLANE('',#2153);
#1911=PLANE('',#2154);
#1912=PLANE('',#2155);
#1913=PLANE('',#2156);
#1914=PLANE('',#2157);
#1915=PLANE('',#2162);
#1916=PLANE('',#2168);
#1917=PLANE('',#2170);
#1918=PLANE('',#2172);
#1919=PLANE('',#2174);
#1920=PLANE('',#2175);
#1921=PLANE('',#2176);
#1922=PLANE('',#2177);
#1923=PLANE('',#2178);
#1924=PLANE('',#2179);
#1925=PLANE('',#2180);
#1926=PLANE('',#2181);
#1927=PLANE('',#2182);
#1928=PLANE('',#2183);
#1929=PLANE('',#2184);
#1930=PLANE('',#2185);
#1931=PLANE('',#2186);
#1932=ADVANCED_FACE('',(#78),#1839,.F.);
#1933=ADVANCED_FACE('',(#79),#62,.T.);
#1934=ADVANCED_FACE('',(#80),#1840,.F.);
#1935=ADVANCED_FACE('',(#81),#63,.T.);
#1936=ADVANCED_FACE('',(#82),#1841,.F.);
#1937=ADVANCED_FACE('',(#83),#64,.T.);
#1938=ADVANCED_FACE('',(#84),#1842,.F.);
#1939=ADVANCED_FACE('',(#85),#65,.T.);
#1940=ADVANCED_FACE('',(#86),#1843,.T.);
#1941=ADVANCED_FACE('',(#87),#1844,.F.);
#1942=ADVANCED_FACE('',(#88),#1845,.F.);
#1943=ADVANCED_FACE('',(#89),#1846,.F.);
#1944=ADVANCED_FACE('',(#90),#1847,.F.);
#1945=ADVANCED_FACE('',(#91),#1848,.F.);
#1946=ADVANCED_FACE('',(#92),#1849,.F.);
#1947=ADVANCED_FACE('',(#93),#1850,.F.);
#1948=ADVANCED_FACE('',(#94),#1851,.F.);
#1949=ADVANCED_FACE('',(#95),#1852,.F.);
#1950=ADVANCED_FACE('',(#96),#1853,.T.);
#1951=ADVANCED_FACE('',(#97),#1854,.F.);
#1952=ADVANCED_FACE('',(#98),#1855,.T.);
#1953=ADVANCED_FACE('',(#99),#1856,.T.);
#1954=ADVANCED_FACE('',(#100),#1857,.T.);
#1955=ADVANCED_FACE('',(#101),#1858,.T.);
#1956=ADVANCED_FACE('',(#102),#1859,.F.);
#1957=ADVANCED_FACE('',(#103),#1860,.T.);
#1958=ADVANCED_FACE('',(#104),#1861,.F.);
#1959=ADVANCED_FACE('',(#105),#1862,.T.);
#1960=ADVANCED_FACE('',(#106),#1863,.F.);
#1961=ADVANCED_FACE('',(#107),#1864,.F.);
#1962=ADVANCED_FACE('',(#108),#1865,.F.);
#1963=ADVANCED_FACE('',(#109),#1866,.F.);
#1964=ADVANCED_FACE('',(#110,#13),#1867,.F.);
#1965=ADVANCED_FACE('',(#111),#1868,.F.);
#1966=ADVANCED_FACE('',(#112),#1869,.F.);
#1967=ADVANCED_FACE('',(#113),#1870,.F.);
#1968=ADVANCED_FACE('',(#114),#1871,.F.);
#1969=ADVANCED_FACE('',(#115),#66,.F.);
#1970=ADVANCED_FACE('',(#116),#67,.F.);
#1971=ADVANCED_FACE('',(#117),#68,.F.);
#1972=ADVANCED_FACE('',(#118),#69,.F.);
#1973=ADVANCED_FACE('',(#119),#1872,.F.);
#1974=ADVANCED_FACE('',(#120),#1873,.F.);
#1975=ADVANCED_FACE('',(#121),#1874,.F.);
#1976=ADVANCED_FACE('',(#122),#1875,.F.);
#1977=ADVANCED_FACE('',(#123,#14),#1876,.F.);
#1978=ADVANCED_FACE('',(#124),#1877,.F.);
#1979=ADVANCED_FACE('',(#125),#1878,.F.);
#1980=ADVANCED_FACE('',(#126),#1879,.F.);
#1981=ADVANCED_FACE('',(#127),#1880,.F.);
#1982=ADVANCED_FACE('',(#128,#15),#1881,.F.);
#1983=ADVANCED_FACE('',(#129),#1882,.T.);
#1984=ADVANCED_FACE('',(#130),#1883,.F.);
#1985=ADVANCED_FACE('',(#131),#1884,.T.);
#1986=ADVANCED_FACE('',(#132),#1885,.T.);
#1987=ADVANCED_FACE('',(#133),#1886,.T.);
#1988=ADVANCED_FACE('',(#134),#1887,.T.);
#1989=ADVANCED_FACE('',(#135),#1888,.T.);
#1990=ADVANCED_FACE('',(#136),#1889,.T.);
#1991=ADVANCED_FACE('',(#137),#1890,.T.);
#1992=ADVANCED_FACE('',(#138),#1891,.F.);
#1993=ADVANCED_FACE('',(#139),#70,.T.);
#1994=ADVANCED_FACE('',(#140),#1892,.T.);
#1995=ADVANCED_FACE('',(#141),#71,.T.);
#1996=ADVANCED_FACE('',(#142),#1893,.T.);
#1997=ADVANCED_FACE('',(#143),#72,.T.);
#1998=ADVANCED_FACE('',(#144),#1894,.T.);
#1999=ADVANCED_FACE('',(#145),#73,.T.);
#2000=ADVANCED_FACE('',(#146),#1895,.T.);
#2001=ADVANCED_FACE('',(#147),#1896,.T.);
#2002=ADVANCED_FACE('',(#148),#1897,.T.);
#2003=ADVANCED_FACE('',(#149),#1898,.T.);
#2004=ADVANCED_FACE('',(#150),#1899,.T.);
#2005=ADVANCED_FACE('',(#151),#1900,.T.);
#2006=ADVANCED_FACE('',(#152),#1901,.T.);
#2007=ADVANCED_FACE('',(#153),#1902,.T.);
#2008=ADVANCED_FACE('',(#154),#1903,.T.);
#2009=ADVANCED_FACE('',(#155),#1904,.F.);
#2010=ADVANCED_FACE('',(#156),#1905,.F.);
#2011=ADVANCED_FACE('',(#157),#1906,.F.);
#2012=ADVANCED_FACE('',(#158),#1907,.T.);
#2013=ADVANCED_FACE('',(#159),#1908,.T.);
#2014=ADVANCED_FACE('',(#160),#1909,.T.);
#2015=ADVANCED_FACE('',(#161),#1910,.T.);
#2016=ADVANCED_FACE('',(#162),#1911,.T.);
#2017=ADVANCED_FACE('',(#163),#1912,.F.);
#2018=ADVANCED_FACE('',(#164),#1913,.F.);
#2019=ADVANCED_FACE('',(#165,#16,#17,#18,#19,#20),#1914,.F.);
#2020=ADVANCED_FACE('',(#166,#21),#1915,.T.);
#2021=ADVANCED_FACE('',(#167),#74,.F.);
#2022=ADVANCED_FACE('',(#168),#1916,.F.);
#2023=ADVANCED_FACE('',(#169),#75,.F.);
#2024=ADVANCED_FACE('',(#170),#1917,.F.);
#2025=ADVANCED_FACE('',(#171),#76,.F.);
#2026=ADVANCED_FACE('',(#172),#1918,.F.);
#2027=ADVANCED_FACE('',(#173),#77,.F.);
#2028=ADVANCED_FACE('',(#174),#1919,.F.);
#2029=ADVANCED_FACE('',(#175),#1920,.T.);
#2030=ADVANCED_FACE('',(#176),#1921,.T.);
#2031=ADVANCED_FACE('',(#177),#1922,.T.);
#2032=ADVANCED_FACE('',(#178),#1923,.T.);
#2033=ADVANCED_FACE('',(#179),#1924,.T.);
#2034=ADVANCED_FACE('',(#180),#1925,.F.);
#2035=ADVANCED_FACE('',(#181),#1926,.T.);
#2036=ADVANCED_FACE('',(#182),#1927,.T.);
#2037=ADVANCED_FACE('',(#183),#1928,.T.);
#2038=ADVANCED_FACE('',(#184),#1929,.T.);
#2039=ADVANCED_FACE('',(#185),#1930,.T.);
#2040=ADVANCED_FACE('',(#186),#1931,.F.);
#2041=CLOSED_SHELL('',(#1932,#1933,#1934,#1935,#1936,#1937,#1938,#1939,
#1940,#1941));
#2042=CLOSED_SHELL('',(#1942,#1943,#1944,#1945,#1946,#1947,#1948,#1949,
#1950,#1951,#1952,#1953,#1954,#1955,#1956,#1957,#1958,#1959,#1960,#1961,
#1962,#1963,#1964,#1965,#1966,#1967,#1968,#1969,#1970,#1971,#1972,#1973,
#1974,#1975,#1976,#1977,#1978,#1979,#1980,#1981,#1982,#1983,#1984,#1985,
#1986,#1987,#1988,#1989,#1990,#1991,#1992,#1993,#1994,#1995,#1996,#1997,
#1998,#1999,#2000,#2001,#2002,#2003,#2004,#2005,#2006,#2007,#2008,#2009,
#2010,#2011,#2012,#2013,#2014,#2015,#2016,#2017,#2018,#2019,#2020,#2021,
#2022,#2023,#2024,#2025,#2026,#2027,#2028));
#2043=CLOSED_SHELL('',(#2029,#2030,#2031,#2032,#2033,#2034));
#2044=CLOSED_SHELL('',(#2035,#2036,#2037,#2038,#2039,#2040));
#2045=AXIS2_PLACEMENT_3D('',#2721,#2187,#2188);
#2046=AXIS2_PLACEMENT_3D('',#2722,#2189,#2190);
#2047=AXIS2_PLACEMENT_3D('',#2731,#2195,#2196);
#2048=AXIS2_PLACEMENT_3D('',#2733,#2197,#2198);
#2049=AXIS2_PLACEMENT_3D('',#2736,#2200,#2201);
#2050=AXIS2_PLACEMENT_3D('',#2737,#2202,#2203);
#2051=AXIS2_PLACEMENT_3D('',#2743,#2207,#2208);
#2052=AXIS2_PLACEMENT_3D('',#2745,#2209,#2210);
#2053=AXIS2_PLACEMENT_3D('',#2748,#2212,#2213);
#2054=AXIS2_PLACEMENT_3D('',#2749,#2214,#2215);
#2055=AXIS2_PLACEMENT_3D('',#2755,#2219,#2220);
#2056=AXIS2_PLACEMENT_3D('',#2757,#2221,#2222);
#2057=AXIS2_PLACEMENT_3D('',#2760,#2224,#2225);
#2058=AXIS2_PLACEMENT_3D('',#2761,#2226,#2227);
#2059=AXIS2_PLACEMENT_3D('',#2767,#2231,#2232);
#2060=AXIS2_PLACEMENT_3D('',#2768,#2233,#2234);
#2061=AXIS2_PLACEMENT_3D('',#2769,#2235,#2236);
#2062=AXIS2_PLACEMENT_3D('',#2770,#2237,#2238);
#2063=AXIS2_PLACEMENT_3D('',#2771,#2239,#2240);
#2064=AXIS2_PLACEMENT_3D('',#2772,#2241,#2242);
#2065=AXIS2_PLACEMENT_3D('',#2783,#2248,#2249);
#2066=AXIS2_PLACEMENT_3D('',#2791,#2254,#2255);
#2067=AXIS2_PLACEMENT_3D('',#2802,#2261,#2262);
#2068=AXIS2_PLACEMENT_3D('',#2810,#2267,#2268);
#2069=AXIS2_PLACEMENT_3D('',#2821,#2274,#2275);
#2070=AXIS2_PLACEMENT_3D('',#2829,#2280,#2281);
#2071=AXIS2_PLACEMENT_3D('',#2840,#2287,#2288);
#2072=AXIS2_PLACEMENT_3D('',#2848,#2293,#2294);
#2073=AXIS2_PLACEMENT_3D('',#2854,#2298,#2299);
#2074=AXIS2_PLACEMENT_3D('',#2858,#2302,#2303);
#2075=AXIS2_PLACEMENT_3D('',#2864,#2307,#2308);
#2076=AXIS2_PLACEMENT_3D('',#2872,#2313,#2314);
#2077=AXIS2_PLACEMENT_3D('',#2880,#2319,#2320);
#2078=AXIS2_PLACEMENT_3D('',#2886,#2324,#2325);
#2079=AXIS2_PLACEMENT_3D('',#2890,#2328,#2329);
#2080=AXIS2_PLACEMENT_3D('',#2896,#2333,#2334);
#2081=AXIS2_PLACEMENT_3D('',#2900,#2337,#2338);
#2082=AXIS2_PLACEMENT_3D('',#2904,#2341,#2342);
#2083=AXIS2_PLACEMENT_3D('',#2913,#2347,#2348);
#2084=AXIS2_PLACEMENT_3D('',#2922,#2353,#2354);
#2085=AXIS2_PLACEMENT_3D('',#2925,#2357,#2358);
#2086=AXIS2_PLACEMENT_3D('',#2927,#2360,#2361);
#2087=AXIS2_PLACEMENT_3D('',#2931,#2363,#2364);
#2088=AXIS2_PLACEMENT_3D('',#2935,#2366,#2367);
#2089=AXIS2_PLACEMENT_3D('',#2947,#2373,#2374);
#2090=AXIS2_PLACEMENT_3D('',#2951,#2376,#2377);
#2091=AXIS2_PLACEMENT_3D('',#2955,#2379,#2380);
#2092=AXIS2_PLACEMENT_3D('',#2959,#2382,#2383);
#2093=AXIS2_PLACEMENT_3D('',#2963,#2385,#2386);
#2094=AXIS2_PLACEMENT_3D('',#2967,#2388,#2389);
#2095=AXIS2_PLACEMENT_3D('',#2969,#2391,#2392);
#2096=AXIS2_PLACEMENT_3D('',#2975,#2396,#2397);
#2097=AXIS2_PLACEMENT_3D('',#2981,#2401,#2402);
#2098=AXIS2_PLACEMENT_3D('',#2984,#2405,#2406);
#2099=AXIS2_PLACEMENT_3D('',#2985,#2407,#2408);
#2100=AXIS2_PLACEMENT_3D('',#2989,#2410,#2411);
#2101=AXIS2_PLACEMENT_3D('',#2991,#2413,#2414);
#2102=AXIS2_PLACEMENT_3D('',#2995,#2416,#2417);
#2103=AXIS2_PLACEMENT_3D('',#2997,#2419,#2420);
#2104=AXIS2_PLACEMENT_3D('',#3001,#2422,#2423);
#2105=AXIS2_PLACEMENT_3D('',#3003,#2425,#2426);
#2106=AXIS2_PLACEMENT_3D('',#3007,#2428,#2429);
#2107=AXIS2_PLACEMENT_3D('',#3009,#2431,#2432);
#2108=AXIS2_PLACEMENT_3D('',#3011,#2434,#2435);
#2109=AXIS2_PLACEMENT_3D('',#3013,#2437,#2438);
#2110=AXIS2_PLACEMENT_3D('',#3022,#2443,#2444);
#2111=AXIS2_PLACEMENT_3D('',#3031,#2449,#2450);
#2112=AXIS2_PLACEMENT_3D('',#3035,#2454,#2455);
#2113=AXIS2_PLACEMENT_3D('',#3052,#2464,#2465);
#2114=AXIS2_PLACEMENT_3D('',#3058,#2469,#2470);
#2115=AXIS2_PLACEMENT_3D('',#3064,#2474,#2475);
#2116=AXIS2_PLACEMENT_3D('',#3075,#2482,#2483);
#2117=AXIS2_PLACEMENT_3D('',#3077,#2485,#2486);
#2118=AXIS2_PLACEMENT_3D('',#3082,#2490,#2491);
#2119=AXIS2_PLACEMENT_3D('',#3084,#2493,#2494);
#2120=AXIS2_PLACEMENT_3D('',#3088,#2497,#2498);
#2121=AXIS2_PLACEMENT_3D('',#3090,#2500,#2501);
#2122=AXIS2_PLACEMENT_3D('',#3091,#2502,#2503);
#2123=AXIS2_PLACEMENT_3D('',#3095,#2506,#2507);
#2124=AXIS2_PLACEMENT_3D('',#3099,#2510,#2511);
#2125=AXIS2_PLACEMENT_3D('',#3101,#2513,#2514);
#2126=AXIS2_PLACEMENT_3D('',#3102,#2515,#2516);
#2127=AXIS2_PLACEMENT_3D('',#3103,#2517,#2518);
#2128=AXIS2_PLACEMENT_3D('',#3107,#2520,#2521);
#2129=AXIS2_PLACEMENT_3D('',#3109,#2523,#2524);
#2130=AXIS2_PLACEMENT_3D('',#3113,#2527,#2528);
#2131=AXIS2_PLACEMENT_3D('',#3116,#2530,#2531);
#2132=AXIS2_PLACEMENT_3D('',#3117,#2532,#2533);
#2133=AXIS2_PLACEMENT_3D('',#3121,#2536,#2537);
#2134=AXIS2_PLACEMENT_3D('',#3124,#2539,#2540);
#2135=AXIS2_PLACEMENT_3D('',#3125,#2541,#2542);
#2136=AXIS2_PLACEMENT_3D('',#3129,#2545,#2546);
#2137=AXIS2_PLACEMENT_3D('',#3132,#2548,#2549);
#2138=AXIS2_PLACEMENT_3D('',#3133,#2550,#2551);
#2139=AXIS2_PLACEMENT_3D('',#3135,#2553,#2554);
#2140=AXIS2_PLACEMENT_3D('',#3143,#2559,#2560);
#2141=AXIS2_PLACEMENT_3D('',#3149,#2564,#2565);
#2142=AXIS2_PLACEMENT_3D('',#3155,#2569,#2570);
#2143=AXIS2_PLACEMENT_3D('',#3163,#2575,#2576);
#2144=AXIS2_PLACEMENT_3D('',#3167,#2579,#2580);
#2145=AXIS2_PLACEMENT_3D('',#3172,#2584,#2585);
#2146=AXIS2_PLACEMENT_3D('',#3175,#2588,#2589);
#2147=AXIS2_PLACEMENT_3D('',#3178,#2592,#2593);
#2148=AXIS2_PLACEMENT_3D('',#3179,#2594,#2595);
#2149=AXIS2_PLACEMENT_3D('',#3180,#2596,#2597);
#2150=AXIS2_PLACEMENT_3D('',#3181,#2598,#2599);
#2151=AXIS2_PLACEMENT_3D('',#3183,#2601,#2602);
#2152=AXIS2_PLACEMENT_3D('',#3185,#2604,#2605);
#2153=AXIS2_PLACEMENT_3D('',#3188,#2608,#2609);
#2154=AXIS2_PLACEMENT_3D('',#3194,#2613,#2614);
#2155=AXIS2_PLACEMENT_3D('',#3197,#2617,#2618);
#2156=AXIS2_PLACEMENT_3D('',#3198,#2619,#2620);
#2157=AXIS2_PLACEMENT_3D('',#3199,#2621,#2622);
#2158=AXIS2_PLACEMENT_3D('',#3204,#2624,#2625);
#2159=AXIS2_PLACEMENT_3D('',#3208,#2627,#2628);
#2160=AXIS2_PLACEMENT_3D('',#3212,#2630,#2631);
#2161=AXIS2_PLACEMENT_3D('',#3215,#2633,#2634);
#2162=AXIS2_PLACEMENT_3D('',#3216,#2635,#2636);
#2163=AXIS2_PLACEMENT_3D('',#3221,#2638,#2639);
#2164=AXIS2_PLACEMENT_3D('',#3225,#2641,#2642);
#2165=AXIS2_PLACEMENT_3D('',#3229,#2644,#2645);
#2166=AXIS2_PLACEMENT_3D('',#3232,#2647,#2648);
#2167=AXIS2_PLACEMENT_3D('',#3233,#2649,#2650);
#2168=AXIS2_PLACEMENT_3D('',#3236,#2653,#2654);
#2169=AXIS2_PLACEMENT_3D('',#3238,#2656,#2657);
#2170=AXIS2_PLACEMENT_3D('',#3240,#2659,#2660);
#2171=AXIS2_PLACEMENT_3D('',#3242,#2662,#2663);
#2172=AXIS2_PLACEMENT_3D('',#3244,#2665,#2666);
#2173=AXIS2_PLACEMENT_3D('',#3246,#2668,#2669);
#2174=AXIS2_PLACEMENT_3D('',#3248,#2671,#2672);
#2175=AXIS2_PLACEMENT_3D('',#3249,#2673,#2674);
#2176=AXIS2_PLACEMENT_3D('',#3258,#2679,#2680);
#2177=AXIS2_PLACEMENT_3D('',#3264,#2684,#2685);
#2178=AXIS2_PLACEMENT_3D('',#3270,#2689,#2690);
#2179=AXIS2_PLACEMENT_3D('',#3273,#2693,#2694);
#2180=AXIS2_PLACEMENT_3D('',#3274,#2695,#2696);
#2181=AXIS2_PLACEMENT_3D('',#3275,#2697,#2698);
#2182=AXIS2_PLACEMENT_3D('',#3284,#2703,#2704);
#2183=AXIS2_PLACEMENT_3D('',#3290,#2708,#2709);
#2184=AXIS2_PLACEMENT_3D('',#3296,#2713,#2714);
#2185=AXIS2_PLACEMENT_3D('',#3299,#2717,#2718);
#2186=AXIS2_PLACEMENT_3D('',#3300,#2719,#2720);
#2187=DIRECTION('axis',(0.,0.,1.));
#2188=DIRECTION('refdir',(1.,0.,0.));
#2189=DIRECTION('center_axis',(0.,-1.,0.));
#2190=DIRECTION('ref_axis',(1.,0.,0.));
#2191=DIRECTION('',(1.,0.,0.));
#2192=DIRECTION('',(0.,0.,1.));
#2193=DIRECTION('',(-1.,0.,0.));
#2194=DIRECTION('',(0.,0.,1.));
#2195=DIRECTION('center_axis',(0.,0.,1.));
#2196=DIRECTION('ref_axis',(-1.48029736616687E-15,1.,0.));
#2197=DIRECTION('center_axis',(0.,0.,-1.));
#2198=DIRECTION('ref_axis',(-1.48029736616687E-15,1.,0.));
#2199=DIRECTION('',(0.,0.,1.));
#2200=DIRECTION('center_axis',(0.,0.,1.));
#2201=DIRECTION('ref_axis',(-1.48029736616687E-15,1.,0.));
#2202=DIRECTION('center_axis',(1.,0.,0.));
#2203=DIRECTION('ref_axis',(0.,1.,0.));
#2204=DIRECTION('',(0.,1.,0.));
#2205=DIRECTION('',(0.,0.,1.));
#2206=DIRECTION('',(0.,-1.,0.));
#2207=DIRECTION('center_axis',(0.,0.,1.));
#2208=DIRECTION('ref_axis',(-1.,0.,0.));
#2209=DIRECTION('center_axis',(0.,0.,-1.));
#2210=DIRECTION('ref_axis',(-1.,0.,0.));
#2211=DIRECTION('',(0.,0.,1.));
#2212=DIRECTION('center_axis',(0.,0.,1.));
#2213=DIRECTION('ref_axis',(-1.,0.,0.));
#2214=DIRECTION('center_axis',(0.,1.,0.));
#2215=DIRECTION('ref_axis',(-1.,0.,0.));
#2216=DIRECTION('',(-1.,0.,0.));
#2217=DIRECTION('',(0.,0.,1.));
#2218=DIRECTION('',(1.,0.,0.));
#2219=DIRECTION('center_axis',(0.,0.,1.));
#2220=DIRECTION('ref_axis',(0.,-1.,0.));
#2221=DIRECTION('center_axis',(0.,0.,-1.));
#2222=DIRECTION('ref_axis',(0.,-1.,0.));
#2223=DIRECTION('',(0.,0.,1.));
#2224=DIRECTION('center_axis',(0.,0.,1.));
#2225=DIRECTION('ref_axis',(0.,-1.,0.));
#2226=DIRECTION('center_axis',(-1.,0.,0.));
#2227=DIRECTION('ref_axis',(0.,-1.,0.));
#2228=DIRECTION('',(0.,-1.,0.));
#2229=DIRECTION('',(0.,0.,1.));
#2230=DIRECTION('',(0.,1.,0.));
#2231=DIRECTION('center_axis',(0.,0.,1.));
#2232=DIRECTION('ref_axis',(1.,0.,0.));
#2233=DIRECTION('center_axis',(0.,0.,-1.));
#2234=DIRECTION('ref_axis',(1.,0.,0.));
#2235=DIRECTION('center_axis',(0.,0.,1.));
#2236=DIRECTION('ref_axis',(1.,0.,0.));
#2237=DIRECTION('center_axis',(0.,0.,1.));
#2238=DIRECTION('ref_axis',(-1.,0.,0.));
#2239=DIRECTION('center_axis',(0.,0.,1.));
#2240=DIRECTION('ref_axis',(-1.,0.,0.));
#2241=DIRECTION('center_axis',(-1.,0.,0.));
#2242=DIRECTION('ref_axis',(0.,0.,1.));
#2243=DIRECTION('',(0.,-0.516012633795176,0.856580972099991));
#2244=DIRECTION('',(0.,-1.,0.));
#2245=DIRECTION('',(0.,0.,-1.));
#2246=DIRECTION('',(0.,1.,0.));
#2247=DIRECTION('',(0.,0.,1.));
#2248=DIRECTION('center_axis',(0.,1.,0.));
#2249=DIRECTION('ref_axis',(0.,0.,1.));
#2250=DIRECTION('',(-0.516012633795176,0.,-0.856580972099991));
#2251=DIRECTION('',(0.,0.,-1.));
#2252=DIRECTION('',(1.,0.,0.));
#2253=DIRECTION('',(-1.,0.,0.));
#2254=DIRECTION('center_axis',(0.,1.,0.));
#2255=DIRECTION('ref_axis',(0.,0.,1.));
#2256=DIRECTION('',(-0.516012633795176,0.,0.856580972099991));
#2257=DIRECTION('',(-1.,0.,0.));
#2258=DIRECTION('',(0.,0.,-1.));
#2259=DIRECTION('',(1.,0.,0.));
#2260=DIRECTION('',(0.,0.,1.));
#2261=DIRECTION('center_axis',(1.,0.,0.));
#2262=DIRECTION('ref_axis',(0.,0.,-1.));
#2263=DIRECTION('',(0.,0.516012633795176,-0.856580972099991));
#2264=DIRECTION('',(0.,0.,-1.));
#2265=DIRECTION('',(0.,-1.,0.));
#2266=DIRECTION('',(0.,1.,0.));
#2267=DIRECTION('center_axis',(1.,0.,0.));
#2268=DIRECTION('ref_axis',(0.,0.,-1.));
#2269=DIRECTION('',(0.,0.516012633795176,0.856580972099991));
#2270=DIRECTION('',(0.,1.,0.));
#2271=DIRECTION('',(0.,0.,-1.));
#2272=DIRECTION('',(0.,-1.,0.));
#2273=DIRECTION('',(0.,0.,1.));
#2274=DIRECTION('center_axis',(0.,-1.,0.));
#2275=DIRECTION('ref_axis',(0.,0.,-1.));
#2276=DIRECTION('',(0.516012633795176,0.,-0.856580972099991));
#2277=DIRECTION('',(0.,0.,-1.));
#2278=DIRECTION('',(-1.,0.,0.));
#2279=DIRECTION('',(1.,0.,0.));
#2280=DIRECTION('center_axis',(0.,-1.,0.));
#2281=DIRECTION('ref_axis',(0.,0.,-1.));
#2282=DIRECTION('',(0.516012633795176,0.,0.856580972099991));
#2283=DIRECTION('',(1.,0.,0.));
#2284=DIRECTION('',(0.,0.,-1.));
#2285=DIRECTION('',(-1.,0.,0.));
#2286=DIRECTION('',(0.,0.,1.));
#2287=DIRECTION('center_axis',(-1.,0.,0.));
#2288=DIRECTION('ref_axis',(0.,0.,1.));
#2289=DIRECTION('',(0.,-0.516012633795176,-0.856580972099991));
#2290=DIRECTION('',(0.,0.,-1.));
#2291=DIRECTION('',(0.,1.,0.));
#2292=DIRECTION('',(0.,-1.,0.));
#2293=DIRECTION('center_axis',(1.,0.,0.));
#2294=DIRECTION('ref_axis',(0.,-1.,0.));
#2295=DIRECTION('',(0.,1.,0.));
#2296=DIRECTION('',(0.,0.,-1.));
#2297=DIRECTION('',(0.,1.,0.));
#2298=DIRECTION('center_axis',(-0.856580972099991,0.,0.516012633795176));
#2299=DIRECTION('ref_axis',(-0.516012633795176,0.,-0.856580972099991));
#2300=DIRECTION('',(0.,-1.,0.));
#2301=DIRECTION('',(-0.516012633795176,0.,-0.856580972099991));
#2302=DIRECTION('center_axis',(0.,0.,-1.));
#2303=DIRECTION('ref_axis',(-1.,0.,0.));
#2304=DIRECTION('',(-1.,0.,0.));
#2305=DIRECTION('',(0.,1.,0.));
#2306=DIRECTION('',(1.,0.,0.));
#2307=DIRECTION('center_axis',(0.,0.,-1.));
#2308=DIRECTION('ref_axis',(-1.,0.,0.));
#2309=DIRECTION('',(0.,1.,0.));
#2310=DIRECTION('',(1.,0.,0.));
#2311=DIRECTION('',(0.,-1.,0.));
#2312=DIRECTION('',(-1.,0.,0.));
#2313=DIRECTION('center_axis',(0.,0.,-1.));
#2314=DIRECTION('ref_axis',(-1.,0.,0.));
#2315=DIRECTION('',(1.,0.,0.));
#2316=DIRECTION('',(0.,-1.,0.));
#2317=DIRECTION('',(-1.,0.,0.));
#2318=DIRECTION('',(0.,1.,0.));
#2319=DIRECTION('center_axis',(0.,1.,0.));
#2320=DIRECTION('ref_axis',(1.,0.,0.));
#2321=DIRECTION('',(-1.,0.,0.));
#2322=DIRECTION('',(0.,0.,-1.));
#2323=DIRECTION('',(-1.,0.,0.));
#2324=DIRECTION('center_axis',(0.,-0.856580972099991,0.516012633795176));
#2325=DIRECTION('ref_axis',(0.,-0.516012633795176,-0.856580972099991));
#2326=DIRECTION('',(1.,0.,0.));
#2327=DIRECTION('',(0.,-0.516012633795176,-0.856580972099991));
#2328=DIRECTION('center_axis',(0.,0.,-1.));
#2329=DIRECTION('ref_axis',(-1.,0.,0.));
#2330=DIRECTION('',(0.,-1.,0.));
#2331=DIRECTION('',(-1.,0.,0.));
#2332=DIRECTION('',(0.,1.,0.));
#2333=DIRECTION('center_axis',(-0.856580972099991,0.,0.516012633795176));
#2334=DIRECTION('ref_axis',(-0.516012633795176,0.,-0.856580972099991));
#2335=DIRECTION('',(0.,1.,0.));
#2336=DIRECTION('',(0.516012633795176,0.,0.856580972099991));
#2337=DIRECTION('center_axis',(1.,0.,0.));
#2338=DIRECTION('ref_axis',(0.,-1.,0.));
#2339=DIRECTION('',(0.,1.,0.));
#2340=DIRECTION('',(0.,0.,-1.));
#2341=DIRECTION('center_axis',(1.,0.,-1.77635683939962E-15));
#2342=DIRECTION('ref_axis',(1.77635683939962E-15,0.,1.));
#2343=DIRECTION('',(1.77635683939962E-15,0.,1.));
#2344=DIRECTION('',(0.,1.,0.));
#2345=DIRECTION('',(1.77635683939962E-15,0.,1.));
#2346=DIRECTION('',(0.,-1.,0.));
#2347=DIRECTION('center_axis',(-1.,0.,-3.55271367879925E-15));
#2348=DIRECTION('ref_axis',(3.55271367879925E-15,0.,-1.));
#2349=DIRECTION('',(3.55271367879925E-15,0.,-1.));
#2350=DIRECTION('',(0.,-1.,0.));
#2351=DIRECTION('',(3.55271367879925E-15,0.,-1.));
#2352=DIRECTION('',(0.,-1.,0.));
#2353=DIRECTION('center_axis',(-2.96059473233375E-16,0.,1.));
#2354=DIRECTION('ref_axis',(-1.,0.,-2.96059473233375E-16));
#2355=DIRECTION('',(-1.,0.,-2.96059473233375E-16));
#2356=DIRECTION('',(-1.,0.,-2.96059473233375E-16));
#2357=DIRECTION('center_axis',(0.,-1.,0.));
#2358=DIRECTION('ref_axis',(0.,0.,-1.));
#2359=DIRECTION('',(1.,0.,0.));
#2360=DIRECTION('center_axis',(0.,0.,1.));
#2361=DIRECTION('ref_axis',(-1.,0.,0.));
#2362=DIRECTION('',(1.,0.,0.));
#2363=DIRECTION('center_axis',(0.,0.,-1.));
#2364=DIRECTION('ref_axis',(1.,0.,0.));
#2365=DIRECTION('',(0.,-1.,0.));
#2366=DIRECTION('center_axis',(0.,0.,-1.));
#2367=DIRECTION('ref_axis',(0.,-1.,0.));
#2368=DIRECTION('',(-1.,0.,0.));
#2369=DIRECTION('',(0.,1.,0.));
#2370=DIRECTION('',(-1.,0.,0.));
#2371=DIRECTION('',(0.,-1.,0.));
#2372=DIRECTION('',(-1.,0.,0.));
#2373=DIRECTION('center_axis',(0.,0.,-1.));
#2374=DIRECTION('ref_axis',(-1.,0.,0.));
#2375=DIRECTION('',(-3.18686192931512E-17,1.,0.));
#2376=DIRECTION('center_axis',(0.,0.,-1.));
#2377=DIRECTION('ref_axis',(0.,1.,0.));
#2378=DIRECTION('',(1.,0.,0.));
#2379=DIRECTION('center_axis',(0.,0.,1.));
#2380=DIRECTION('ref_axis',(0.0135801463651607,-0.999907785560599,0.));
#2381=DIRECTION('',(1.,0.,0.));
#2382=DIRECTION('center_axis',(0.,0.,1.));
#2383=DIRECTION('ref_axis',(0.999907785560599,0.0135801463651559,0.));
#2384=DIRECTION('',(0.,1.,0.));
#2385=DIRECTION('center_axis',(0.,0.,1.));
#2386=DIRECTION('ref_axis',(-0.0135801463651566,0.999907785560599,0.));
#2387=DIRECTION('',(-1.,0.,0.));
#2388=DIRECTION('center_axis',(0.,0.,1.));
#2389=DIRECTION('ref_axis',(-0.999907785560599,-0.0135801463651652,0.));
#2390=DIRECTION('',(0.,-1.,0.));
#2391=DIRECTION('center_axis',(1.,0.,-8.88178419700125E-16));
#2392=DIRECTION('ref_axis',(-8.88178419700125E-16,0.,-1.));
#2393=DIRECTION('',(-8.88178419700125E-16,0.,-1.));
#2394=DIRECTION('',(0.,1.,0.));
#2395=DIRECTION('',(-8.88178419700125E-16,0.,-1.));
#2396=DIRECTION('center_axis',(-2.96059473233375E-16,0.,1.));
#2397=DIRECTION('ref_axis',(1.,0.,2.96059473233375E-16));
#2398=DIRECTION('',(1.,0.,2.96059473233375E-16));
#2399=DIRECTION('',(0.,1.,0.));
#2400=DIRECTION('',(1.,0.,2.96059473233375E-16));
#2401=DIRECTION('center_axis',(-1.,0.,-2.66453525910038E-15));
#2402=DIRECTION('ref_axis',(-2.66453525910038E-15,0.,1.));
#2403=DIRECTION('',(-2.66453525910038E-15,0.,1.));
#2404=DIRECTION('',(-2.66453525910038E-15,0.,1.));
#2405=DIRECTION('center_axis',(0.,1.,0.));
#2406=DIRECTION('ref_axis',(0.,0.,1.));
#2407=DIRECTION('center_axis',(0.,0.,1.));
#2408=DIRECTION('ref_axis',(0.0135801463651607,-0.999907785560599,0.));
#2409=DIRECTION('',(0.,0.,1.));
#2410=DIRECTION('center_axis',(0.,0.,1.));
#2411=DIRECTION('ref_axis',(0.0135801463651607,-0.999907785560599,0.));
#2412=DIRECTION('',(0.,0.,-1.));
#2413=DIRECTION('center_axis',(0.,0.,1.));
#2414=DIRECTION('ref_axis',(0.999907785560599,0.0135801463651559,0.));
#2415=DIRECTION('',(0.,0.,1.));
#2416=DIRECTION('center_axis',(0.,0.,1.));
#2417=DIRECTION('ref_axis',(0.999907785560599,0.0135801463651559,0.));
#2418=DIRECTION('',(0.,0.,-1.));
#2419=DIRECTION('center_axis',(0.,0.,1.));
#2420=DIRECTION('ref_axis',(-0.999907785560599,-0.0135801463651652,0.));
#2421=DIRECTION('',(0.,0.,1.));
#2422=DIRECTION('center_axis',(0.,0.,1.));
#2423=DIRECTION('ref_axis',(-0.999907785560599,-0.0135801463651652,0.));
#2424=DIRECTION('',(0.,0.,-1.));
#2425=DIRECTION('center_axis',(0.,0.,1.));
#2426=DIRECTION('ref_axis',(-0.0135801463651566,0.999907785560599,0.));
#2427=DIRECTION('',(0.,0.,1.));
#2428=DIRECTION('center_axis',(0.,0.,1.));
#2429=DIRECTION('ref_axis',(-0.0135801463651566,0.999907785560599,0.));
#2430=DIRECTION('',(0.,0.,-1.));
#2431=DIRECTION('center_axis',(1.,0.,0.));
#2432=DIRECTION('ref_axis',(0.,0.,-1.));
#2433=DIRECTION('',(0.,-1.,0.));
#2434=DIRECTION('center_axis',(-1.,0.,0.));
#2435=DIRECTION('ref_axis',(0.,0.,1.));
#2436=DIRECTION('',(-3.18686192931512E-17,1.,0.));
#2437=DIRECTION('center_axis',(-5.9290949245669E-17,0.,1.));
#2438=DIRECTION('ref_axis',(-1.,-3.95272994971128E-17,-5.9290949245669E-17));
#2439=DIRECTION('',(1.,3.95272994971128E-17,5.9290949245669E-17));
#2440=DIRECTION('',(0.,-1.,0.));
#2441=DIRECTION('',(-1.,-3.95272994971128E-17,-5.9290949245669E-17));
#2442=DIRECTION('',(0.,-1.,0.));
#2443=DIRECTION('center_axis',(-5.92909492456693E-17,0.,-1.));
#2444=DIRECTION('ref_axis',(1.,3.95272994971128E-17,-5.92909492456693E-17));
#2445=DIRECTION('',(-1.,-3.95272994971128E-17,5.92909492456693E-17));
#2446=DIRECTION('',(0.,-1.,0.));
#2447=DIRECTION('',(1.,3.95272994971128E-17,-5.92909492456693E-17));
#2448=DIRECTION('',(0.,-1.,0.));
#2449=DIRECTION('center_axis',(0.,-1.,0.));
#2450=DIRECTION('ref_axis',(0.,0.,-1.));
#2451=DIRECTION('',(-1.,-3.95272994971128E-17,0.));
#2452=DIRECTION('',(0.,0.,1.));
#2453=DIRECTION('',(0.,0.,-1.));
#2454=DIRECTION('center_axis',(0.,0.,-1.));
#2455=DIRECTION('ref_axis',(-1.,0.,0.));
#2456=DIRECTION('',(-1.,0.,0.));
#2457=DIRECTION('',(0.,1.,0.));
#2458=DIRECTION('',(-1.,0.,0.));
#2459=DIRECTION('',(0.,1.,0.));
#2460=DIRECTION('',(-1.,0.,0.));
#2461=DIRECTION('',(0.,1.,0.));
#2462=DIRECTION('',(1.,0.,0.));
#2463=DIRECTION('',(0.,-1.,0.));
#2464=DIRECTION('center_axis',(1.,0.,0.));
#2465=DIRECTION('ref_axis',(0.,0.,-1.));
#2466=DIRECTION('',(0.,0.,-1.));
#2467=DIRECTION('',(0.,0.,-1.));
#2468=DIRECTION('',(0.,1.,0.));
#2469=DIRECTION('center_axis',(-1.,0.,0.));
#2470=DIRECTION('ref_axis',(0.,0.,1.));
#2471=DIRECTION('',(0.,0.,1.));
#2472=DIRECTION('',(0.,1.,0.));
#2473=DIRECTION('',(0.,0.,1.));
#2474=DIRECTION('center_axis',(0.,0.,1.));
#2475=DIRECTION('ref_axis',(1.,0.,0.));
#2476=DIRECTION('',(1.,0.,0.));
#2477=DIRECTION('',(0.,1.,0.));
#2478=DIRECTION('',(-1.,0.,0.));
#2479=DIRECTION('',(0.,-1.,0.));
#2480=DIRECTION('',(1.,0.,0.));
#2481=DIRECTION('',(1.,0.,0.));
#2482=DIRECTION('center_axis',(0.,1.,0.));
#2483=DIRECTION('ref_axis',(0.,0.,1.));
#2484=DIRECTION('',(1.,0.,0.));
#2485=DIRECTION('center_axis',(1.,0.,0.));
#2486=DIRECTION('ref_axis',(0.,0.,-1.));
#2487=DIRECTION('',(0.,-0.55470019622522,-0.83205029433785));
#2488=DIRECTION('',(0.,0.554700196225222,-0.832050294337848));
#2489=DIRECTION('',(0.,0.,-1.));
#2490=DIRECTION('center_axis',(0.,1.,0.));
#2491=DIRECTION('ref_axis',(0.,0.,1.));
#2492=DIRECTION('',(0.,0.,1.));
#2493=DIRECTION('center_axis',(-1.,0.,0.));
#2494=DIRECTION('ref_axis',(0.,0.,1.));
#2495=DIRECTION('',(0.,-0.554700196225222,0.832050294337848));
#2496=DIRECTION('',(0.,0.55470019622522,0.83205029433785));
#2497=DIRECTION('center_axis',(0.,-0.83205029433785,0.55470019622522));
#2498=DIRECTION('ref_axis',(0.,-0.55470019622522,-0.83205029433785));
#2499=DIRECTION('',(-1.,0.,0.));
#2500=DIRECTION('center_axis',(0.,-0.832050294337848,-0.554700196225222));
#2501=DIRECTION('ref_axis',(0.,0.554700196225222,-0.832050294337848));
#2502=DIRECTION('center_axis',(-1.,0.,0.));
#2503=DIRECTION('ref_axis',(0.,0.,1.));
#2504=DIRECTION('',(0.,0.554700196225229,-0.832050294337844));
#2505=DIRECTION('',(0.,-0.554700196225231,-0.832050294337842));
#2506=DIRECTION('center_axis',(0.,0.832050294337843,-0.554700196225231));
#2507=DIRECTION('ref_axis',(0.,0.554700196225231,0.832050294337842));
#2508=DIRECTION('',(-1.,0.,0.));
#2509=DIRECTION('',(0.,0.554700196225231,0.832050294337842));
#2510=DIRECTION('center_axis',(0.,0.832050294337844,0.554700196225229));
#2511=DIRECTION('ref_axis',(0.,-0.554700196225229,0.832050294337844));
#2512=DIRECTION('',(0.,-0.554700196225229,0.832050294337844));
#2513=DIRECTION('center_axis',(1.,0.,0.));
#2514=DIRECTION('ref_axis',(0.,0.,-1.));
#2515=DIRECTION('center_axis',(0.,1.,0.));
#2516=DIRECTION('ref_axis',(0.,0.,1.));
#2517=DIRECTION('center_axis',(0.,0.,1.));
#2518=DIRECTION('ref_axis',(0.,1.,0.));
#2519=DIRECTION('',(0.,0.,1.));
#2520=DIRECTION('center_axis',(0.,0.,1.));
#2521=DIRECTION('ref_axis',(0.,1.,0.));
#2522=DIRECTION('',(0.,0.,-1.));
#2523=DIRECTION('center_axis',(-1.,-3.18686192931512E-17,0.));
#2524=DIRECTION('ref_axis',(3.18686192931512E-17,-1.,0.));
#2525=DIRECTION('',(0.,0.,1.));
#2526=DIRECTION('',(3.18686192931512E-17,-1.,0.));
#2527=DIRECTION('center_axis',(0.,0.,1.));
#2528=DIRECTION('ref_axis',(-1.,0.,0.));
#2529=DIRECTION('',(0.,0.,1.));
#2530=DIRECTION('center_axis',(0.,0.,1.));
#2531=DIRECTION('ref_axis',(-1.,0.,0.));
#2532=DIRECTION('center_axis',(0.,-1.,0.));
#2533=DIRECTION('ref_axis',(1.,0.,0.));
#2534=DIRECTION('',(0.,0.,1.));
#2535=DIRECTION('',(1.,0.,0.));
#2536=DIRECTION('center_axis',(0.,0.,1.));
#2537=DIRECTION('ref_axis',(0.,-1.,0.));
#2538=DIRECTION('',(0.,0.,1.));
#2539=DIRECTION('center_axis',(0.,0.,1.));
#2540=DIRECTION('ref_axis',(0.,-1.,0.));
#2541=DIRECTION('center_axis',(1.,0.,0.));
#2542=DIRECTION('ref_axis',(0.,1.,0.));
#2543=DIRECTION('',(0.,0.,1.));
#2544=DIRECTION('',(0.,1.,0.));
#2545=DIRECTION('center_axis',(0.,0.,1.));
#2546=DIRECTION('ref_axis',(1.,0.,0.));
#2547=DIRECTION('',(0.,0.,1.));
#2548=DIRECTION('center_axis',(0.,0.,1.));
#2549=DIRECTION('ref_axis',(1.,0.,0.));
#2550=DIRECTION('center_axis',(0.,1.,0.));
#2551=DIRECTION('ref_axis',(-1.,0.,0.));
#2552=DIRECTION('',(-1.,0.,0.));
#2553=DIRECTION('center_axis',(0.,1.,0.));
#2554=DIRECTION('ref_axis',(1.,0.,0.));
#2555=DIRECTION('',(-0.516012633795176,0.,0.856580972099991));
#2556=DIRECTION('',(0.,0.,-1.));
#2557=DIRECTION('',(-1.,0.,0.));
#2558=DIRECTION('',(0.,0.,-1.));
#2559=DIRECTION('center_axis',(0.,-1.,0.));
#2560=DIRECTION('ref_axis',(-1.,0.,0.));
#2561=DIRECTION('',(1.,0.,0.));
#2562=DIRECTION('',(0.,0.,-1.));
#2563=DIRECTION('',(1.,0.,0.));
#2564=DIRECTION('center_axis',(0.,1.,0.));
#2565=DIRECTION('ref_axis',(1.,0.,0.));
#2566=DIRECTION('',(-1.,0.,0.));
#2567=DIRECTION('',(0.,0.,-1.));
#2568=DIRECTION('',(-1.,0.,0.));
#2569=DIRECTION('center_axis',(-1.,0.,0.));
#2570=DIRECTION('ref_axis',(0.,1.,0.));
#2571=DIRECTION('',(0.,-0.516012633795176,0.856580972099991));
#2572=DIRECTION('',(0.,0.,-1.));
#2573=DIRECTION('',(0.,-1.,0.));
#2574=DIRECTION('',(0.,0.,-1.));
#2575=DIRECTION('center_axis',(-1.,0.,0.));
#2576=DIRECTION('ref_axis',(0.,1.,0.));
#2577=DIRECTION('',(0.,0.,-1.));
#2578=DIRECTION('',(0.,-1.,0.));
#2579=DIRECTION('center_axis',(1.,0.,0.));
#2580=DIRECTION('ref_axis',(0.,-1.,0.));
#2581=DIRECTION('',(0.,0.516012633795176,0.856580972099991));
#2582=DIRECTION('',(0.,1.,0.));
#2583=DIRECTION('',(0.,0.,-1.));
#2584=DIRECTION('center_axis',(0.,-1.,0.));
#2585=DIRECTION('ref_axis',(-1.,0.,0.));
#2586=DIRECTION('',(1.,0.,0.));
#2587=DIRECTION('',(1.,0.,0.));
#2588=DIRECTION('center_axis',(1.,0.,0.));
#2589=DIRECTION('ref_axis',(0.,-1.,0.));
#2590=DIRECTION('',(0.,0.516012633795176,-0.856580972099991));
#2591=DIRECTION('',(0.,1.,0.));
#2592=DIRECTION('center_axis',(0.,-0.856580972099991,0.516012633795176));
#2593=DIRECTION('ref_axis',(0.,-0.516012633795176,-0.856580972099991));
#2594=DIRECTION('center_axis',(0.,0.856580972099991,0.516012633795176));
#2595=DIRECTION('ref_axis',(0.,-0.516012633795176,0.856580972099991));
#2596=DIRECTION('center_axis',(0.,0.856580972099991,0.516012633795176));
#2597=DIRECTION('ref_axis',(0.,-0.516012633795176,0.856580972099991));
#2598=DIRECTION('center_axis',(0.,-1.,0.));
#2599=DIRECTION('ref_axis',(-1.,0.,0.));
#2600=DIRECTION('',(1.,0.,0.));
#2601=DIRECTION('center_axis',(0.,1.,0.));
#2602=DIRECTION('ref_axis',(1.,0.,0.));
#2603=DIRECTION('',(-1.,0.,0.));
#2604=DIRECTION('center_axis',(-1.,0.,0.));
#2605=DIRECTION('ref_axis',(0.,1.,0.));
#2606=DIRECTION('',(0.,-1.,0.));
#2607=DIRECTION('',(0.,-1.,0.));
#2608=DIRECTION('center_axis',(0.,-1.,0.));
#2609=DIRECTION('ref_axis',(-1.,0.,0.));
#2610=DIRECTION('',(0.516012633795176,0.,-0.856580972099991));
#2611=DIRECTION('',(1.,0.,0.));
#2612=DIRECTION('',(0.,0.,-1.));
#2613=DIRECTION('center_axis',(-1.,0.,0.));
#2614=DIRECTION('ref_axis',(0.,1.,0.));
#2615=DIRECTION('',(0.,-1.,0.));
#2616=DIRECTION('',(0.,-1.,0.));
#2617=DIRECTION('center_axis',(0.856580972099991,0.,0.516012633795176));
#2618=DIRECTION('ref_axis',(-0.516012633795176,0.,0.856580972099991));
#2619=DIRECTION('center_axis',(0.856580972099991,0.,0.516012633795176));
#2620=DIRECTION('ref_axis',(-0.516012633795176,0.,0.856580972099991));
#2621=DIRECTION('center_axis',(0.,0.,1.));
#2622=DIRECTION('ref_axis',(-1.,0.,0.));
#2623=DIRECTION('',(1.,0.,0.));
#2624=DIRECTION('center_axis',(0.,0.,1.));
#2625=DIRECTION('ref_axis',(0.,-1.,0.));
#2626=DIRECTION('',(0.,1.,0.));
#2627=DIRECTION('center_axis',(0.,0.,1.));
#2628=DIRECTION('ref_axis',(1.,0.,0.));
#2629=DIRECTION('',(-1.,0.,0.));
#2630=DIRECTION('center_axis',(0.,0.,1.));
#2631=DIRECTION('ref_axis',(0.,1.,0.));
#2632=DIRECTION('',(0.,-1.,0.));
#2633=DIRECTION('center_axis',(0.,0.,1.));
#2634=DIRECTION('ref_axis',(-1.,0.,0.));
#2635=DIRECTION('center_axis',(0.,0.,1.));
#2636=DIRECTION('ref_axis',(-1.,0.,0.));
#2637=DIRECTION('',(-1.,0.,0.));
#2638=DIRECTION('center_axis',(0.,0.,-1.));
#2639=DIRECTION('ref_axis',(-1.,0.,0.));
#2640=DIRECTION('',(0.,1.,0.));
#2641=DIRECTION('center_axis',(0.,0.,-1.));
#2642=DIRECTION('ref_axis',(0.,1.,0.));
#2643=DIRECTION('',(1.,0.,0.));
#2644=DIRECTION('center_axis',(0.,0.,-1.));
#2645=DIRECTION('ref_axis',(1.,0.,0.));
#2646=DIRECTION('',(0.,-1.,0.));
#2647=DIRECTION('center_axis',(0.,0.,-1.));
#2648=DIRECTION('ref_axis',(0.,-1.,0.));
#2649=DIRECTION('center_axis',(0.,0.,1.));
#2650=DIRECTION('ref_axis',(0.,-1.,0.));
#2651=DIRECTION('',(0.,0.,1.));
#2652=DIRECTION('',(0.,0.,1.));
#2653=DIRECTION('center_axis',(1.,0.,0.));
#2654=DIRECTION('ref_axis',(0.,1.,0.));
#2655=DIRECTION('',(0.,0.,1.));
#2656=DIRECTION('center_axis',(0.,0.,1.));
#2657=DIRECTION('ref_axis',(1.,0.,0.));
#2658=DIRECTION('',(0.,0.,1.));
#2659=DIRECTION('center_axis',(0.,1.,0.));
#2660=DIRECTION('ref_axis',(-1.,0.,0.));
#2661=DIRECTION('',(0.,0.,1.));
#2662=DIRECTION('center_axis',(0.,0.,1.));
#2663=DIRECTION('ref_axis',(0.,1.,0.));
#2664=DIRECTION('',(0.,0.,1.));
#2665=DIRECTION('center_axis',(-1.,0.,0.));
#2666=DIRECTION('ref_axis',(0.,-1.,0.));
#2667=DIRECTION('',(0.,0.,1.));
#2668=DIRECTION('center_axis',(0.,0.,1.));
#2669=DIRECTION('ref_axis',(-1.,0.,0.));
#2670=DIRECTION('',(0.,0.,1.));
#2671=DIRECTION('center_axis',(0.,-1.,0.));
#2672=DIRECTION('ref_axis',(1.,0.,0.));
#2673=DIRECTION('center_axis',(-1.,0.,0.));
#2674=DIRECTION('ref_axis',(0.,-1.,0.));
#2675=DIRECTION('',(0.,1.,0.));
#2676=DIRECTION('',(0.,0.,1.));
#2677=DIRECTION('',(0.,-1.,0.));
#2678=DIRECTION('',(0.,0.,1.));
#2679=DIRECTION('center_axis',(0.,1.,0.));
#2680=DIRECTION('ref_axis',(-1.,0.,0.));
#2681=DIRECTION('',(1.,0.,0.));
#2682=DIRECTION('',(-1.,0.,0.));
#2683=DIRECTION('',(0.,0.,1.));
#2684=DIRECTION('center_axis',(1.,0.,0.));
#2685=DIRECTION('ref_axis',(0.,1.,0.));
#2686=DIRECTION('',(0.,1.,0.));
#2687=DIRECTION('',(0.,1.,0.));
#2688=DIRECTION('',(0.,0.,1.));
#2689=DIRECTION('center_axis',(0.,-1.,0.));
#2690=DIRECTION('ref_axis',(1.,0.,0.));
#2691=DIRECTION('',(1.,0.,0.));
#2692=DIRECTION('',(1.,0.,0.));
#2693=DIRECTION('center_axis',(0.,0.,1.));
#2694=DIRECTION('ref_axis',(1.,0.,0.));
#2695=DIRECTION('center_axis',(0.,0.,1.));
#2696=DIRECTION('ref_axis',(-1.,0.,0.));
#2697=DIRECTION('center_axis',(0.,-1.,0.));
#2698=DIRECTION('ref_axis',(1.,0.,0.));
#2699=DIRECTION('',(-1.,0.,0.));
#2700=DIRECTION('',(0.,0.,1.));
#2701=DIRECTION('',(1.,0.,0.));
#2702=DIRECTION('',(0.,0.,1.));
#2703=DIRECTION('center_axis',(-1.,0.,0.));
#2704=DIRECTION('ref_axis',(0.,-1.,0.));
#2705=DIRECTION('',(0.,-1.,0.));
#2706=DIRECTION('',(0.,-1.,0.));
#2707=DIRECTION('',(0.,0.,1.));
#2708=DIRECTION('center_axis',(0.,1.,0.));
#2709=DIRECTION('ref_axis',(-1.,0.,0.));
#2710=DIRECTION('',(-1.,0.,0.));
#2711=DIRECTION('',(-1.,0.,0.));
#2712=DIRECTION('',(0.,0.,1.));
#2713=DIRECTION('center_axis',(1.,0.,0.));
#2714=DIRECTION('ref_axis',(0.,1.,0.));
#2715=DIRECTION('',(0.,-1.,0.));
#2716=DIRECTION('',(0.,1.,0.));
#2717=DIRECTION('center_axis',(0.,0.,1.));
#2718=DIRECTION('ref_axis',(1.,0.,0.));
#2719=DIRECTION('center_axis',(0.,0.,1.));
#2720=DIRECTION('ref_axis',(-1.,0.,0.));
#2721=CARTESIAN_POINT('',(0.,0.,0.));
#2722=CARTESIAN_POINT('Origin',(6.1,57.575,15.));
#2723=CARTESIAN_POINT('',(6.1,57.575,15.));
#2724=CARTESIAN_POINT('',(42.575,57.575,15.));
#2725=CARTESIAN_POINT('',(15.21875,57.575,15.));
#2726=CARTESIAN_POINT('',(6.1,57.575,17.5));
#2727=CARTESIAN_POINT('',(6.1,57.575,15.));
#2728=CARTESIAN_POINT('',(42.575,57.575,17.5));
#2729=CARTESIAN_POINT('',(15.21875,57.575,17.5));
#2730=CARTESIAN_POINT('',(42.575,57.575,15.));
#2731=CARTESIAN_POINT('Origin',(6.1,56.075,15.));
#2732=CARTESIAN_POINT('',(4.6,56.075,15.));
#2733=CARTESIAN_POINT('Origin',(6.1,56.075,15.));
#2734=CARTESIAN_POINT('',(4.6,56.075,17.5));
#2735=CARTESIAN_POINT('',(4.6,56.075,15.));
#2736=CARTESIAN_POINT('Origin',(6.1,56.075,17.5));
#2737=CARTESIAN_POINT('Origin',(4.6,6.1,15.));
#2738=CARTESIAN_POINT('',(4.6,6.1,15.));
#2739=CARTESIAN_POINT('',(4.6,18.59375,15.));
#2740=CARTESIAN_POINT('',(4.6,6.1,17.5));
#2741=CARTESIAN_POINT('',(4.6,6.1,15.));
#2742=CARTESIAN_POINT('',(4.6,18.59375,17.5));
#2743=CARTESIAN_POINT('Origin',(6.1,6.1,15.));
#2744=CARTESIAN_POINT('',(6.1,4.6,15.));
#2745=CARTESIAN_POINT('Origin',(6.1,6.1,15.));
#2746=CARTESIAN_POINT('',(6.1,4.6,17.5));
#2747=CARTESIAN_POINT('',(6.1,4.6,15.));
#2748=CARTESIAN_POINT('Origin',(6.1,6.1,17.5));
#2749=CARTESIAN_POINT('Origin',(42.575,4.6,15.));
#2750=CARTESIAN_POINT('',(42.575,4.6,15.));
#2751=CARTESIAN_POINT('',(33.45625,4.6,15.));
#2752=CARTESIAN_POINT('',(42.575,4.6,17.5));
#2753=CARTESIAN_POINT('',(42.575,4.6,15.));
#2754=CARTESIAN_POINT('',(33.45625,4.6,17.5));
#2755=CARTESIAN_POINT('Origin',(42.575,6.1,15.));
#2756=CARTESIAN_POINT('',(44.075,6.1,15.));
#2757=CARTESIAN_POINT('Origin',(42.575,6.1,15.));
#2758=CARTESIAN_POINT('',(44.075,6.09999999999999,17.5));
#2759=CARTESIAN_POINT('',(44.075,6.1,15.));
#2760=CARTESIAN_POINT('Origin',(42.575,6.1,17.5));
#2761=CARTESIAN_POINT('Origin',(44.075,56.075,15.));
#2762=CARTESIAN_POINT('',(44.075,56.075,15.));
#2763=CARTESIAN_POINT('',(44.075,43.58125,15.));
#2764=CARTESIAN_POINT('',(44.075,56.075,17.5));
#2765=CARTESIAN_POINT('',(44.075,56.075,15.));
#2766=CARTESIAN_POINT('',(44.075,43.58125,17.5));
#2767=CARTESIAN_POINT('Origin',(42.575,56.075,15.));
#2768=CARTESIAN_POINT('Origin',(42.575,56.075,15.));
#2769=CARTESIAN_POINT('Origin',(42.575,56.075,17.5));
#2770=CARTESIAN_POINT('Origin',(24.3375,31.0875,17.5));
#2771=CARTESIAN_POINT('Origin',(24.3375,31.0875,15.));
#2772=CARTESIAN_POINT('Origin',(1.6,59.575,15.));
#2773=CARTESIAN_POINT('',(1.6,57.075,4.2));
#2774=CARTESIAN_POINT('',(1.6,52.075,12.5));
#2775=CARTESIAN_POINT('',(1.6,55.0210006390457,7.60963893918415));
#2776=CARTESIAN_POINT('',(1.6,60.575,4.2));
#2777=CARTESIAN_POINT('',(1.6,58.325,4.2));
#2778=CARTESIAN_POINT('',(1.6,60.575,15.));
#2779=CARTESIAN_POINT('',(1.6,60.575,15.));
#2780=CARTESIAN_POINT('',(1.6,52.075,15.));
#2781=CARTESIAN_POINT('',(1.6,60.175,15.));
#2782=CARTESIAN_POINT('',(1.6,52.075,15.));
#2783=CARTESIAN_POINT('Origin',(10.1,60.575,15.));
#2784=CARTESIAN_POINT('',(10.1,60.575,12.5));
#2785=CARTESIAN_POINT('',(5.1,60.575,4.2));
#2786=CARTESIAN_POINT('',(10.6525082543402,60.575,13.4171637022047));
#2787=CARTESIAN_POINT('',(10.1,60.575,15.));
#2788=CARTESIAN_POINT('',(10.1,60.575,15.));
#2789=CARTESIAN_POINT('',(17.21875,60.575,15.));
#2790=CARTESIAN_POINT('',(3.55,60.575,4.2));
#2791=CARTESIAN_POINT('Origin',(46.075,60.575,15.));
#2792=CARTESIAN_POINT('',(43.575,60.575,4.2));
#2793=CARTESIAN_POINT('',(38.575,60.575,12.5));
#2794=CARTESIAN_POINT('',(41.5210006390457,60.575,7.60963893918415));
#2795=CARTESIAN_POINT('',(47.075,60.575,4.2));
#2796=CARTESIAN_POINT('',(44.825,60.575,4.2));
#2797=CARTESIAN_POINT('',(47.075,60.575,15.));
#2798=CARTESIAN_POINT('',(47.075,60.575,15.));
#2799=CARTESIAN_POINT('',(38.575,60.575,15.));
#2800=CARTESIAN_POINT('',(46.675,60.575,15.));
#2801=CARTESIAN_POINT('',(38.575,60.575,15.));
#2802=CARTESIAN_POINT('Origin',(47.075,52.075,15.));
#2803=CARTESIAN_POINT('',(47.075,52.075,12.5));
#2804=CARTESIAN_POINT('',(47.075,57.075,4.2));
#2805=CARTESIAN_POINT('',(47.075,54.0224917456598,9.26716370220471));
#2806=CARTESIAN_POINT('',(47.075,52.075,15.));
#2807=CARTESIAN_POINT('',(47.075,52.075,15.));
#2808=CARTESIAN_POINT('',(47.075,41.58125,15.));
#2809=CARTESIAN_POINT('',(47.075,58.625,4.2));
#2810=CARTESIAN_POINT('Origin',(47.075,2.6,15.));
#2811=CARTESIAN_POINT('',(47.075,5.1,4.2));
#2812=CARTESIAN_POINT('',(47.075,10.1,12.5));
#2813=CARTESIAN_POINT('',(47.075,9.65399936095431,11.7596389391842));
#2814=CARTESIAN_POINT('',(47.075,1.6,4.2));
#2815=CARTESIAN_POINT('',(47.075,3.85,4.2));
#2816=CARTESIAN_POINT('',(47.075,1.6,15.));
#2817=CARTESIAN_POINT('',(47.075,1.6,15.));
#2818=CARTESIAN_POINT('',(47.075,10.1,15.));
#2819=CARTESIAN_POINT('',(47.075,2.,15.));
#2820=CARTESIAN_POINT('',(47.075,10.1,15.));
#2821=CARTESIAN_POINT('Origin',(38.575,1.6,15.));
#2822=CARTESIAN_POINT('',(38.575,1.6,12.5));
#2823=CARTESIAN_POINT('',(43.575,1.6,4.2));
#2824=CARTESIAN_POINT('',(40.5224917456598,1.6,9.2671637022047));
#2825=CARTESIAN_POINT('',(38.575,1.6,15.));
#2826=CARTESIAN_POINT('',(38.575,1.6,15.));
#2827=CARTESIAN_POINT('',(31.45625,1.6,15.));
#2828=CARTESIAN_POINT('',(45.125,1.6,4.2));
#2829=CARTESIAN_POINT('Origin',(2.6,1.6,15.));
#2830=CARTESIAN_POINT('',(5.1,1.6,4.2));
#2831=CARTESIAN_POINT('',(10.1,1.6,12.5));
#2832=CARTESIAN_POINT('',(9.65399936095431,1.6,11.7596389391842));
#2833=CARTESIAN_POINT('',(1.6,1.6,4.2));
#2834=CARTESIAN_POINT('',(3.85,1.6,4.2));
#2835=CARTESIAN_POINT('',(1.6,1.6,15.));
#2836=CARTESIAN_POINT('',(1.6,1.6,15.));
#2837=CARTESIAN_POINT('',(10.1,1.6,15.));
#2838=CARTESIAN_POINT('',(2.6,1.6,15.));
#2839=CARTESIAN_POINT('',(10.1,1.6,15.));
#2840=CARTESIAN_POINT('Origin',(1.6,10.1,15.));
#2841=CARTESIAN_POINT('',(1.6,10.1,12.5));
#2842=CARTESIAN_POINT('',(1.6,5.1,4.2));
#2843=CARTESIAN_POINT('',(1.6,10.6525082543402,13.4171637022047));
#2844=CARTESIAN_POINT('',(1.6,10.1,15.));
#2845=CARTESIAN_POINT('',(1.6,10.1,15.));
#2846=CARTESIAN_POINT('',(1.6,20.59375,15.));
#2847=CARTESIAN_POINT('',(1.6,3.55,4.2));
#2848=CARTESIAN_POINT('Origin',(10.1,62.075,15.));
#2849=CARTESIAN_POINT('',(10.1,62.075,12.5));
#2850=CARTESIAN_POINT('',(10.1,62.075,12.5));
#2851=CARTESIAN_POINT('',(10.1,62.075,15.));
#2852=CARTESIAN_POINT('',(10.1,62.075,15.));
#2853=CARTESIAN_POINT('',(10.1,46.58125,15.));
#2854=CARTESIAN_POINT('Origin',(10.1,62.075,12.5));
#2855=CARTESIAN_POINT('',(5.1,62.075,4.2));
#2856=CARTESIAN_POINT('',(5.1,59.575,4.2));
#2857=CARTESIAN_POINT('',(9.32116306315901,62.075,11.207130684844));
#2858=CARTESIAN_POINT('Origin',(5.1,57.075,4.2));
#2859=CARTESIAN_POINT('',(0.0999999999999979,57.075,4.2));
#2860=CARTESIAN_POINT('',(2.6,57.075,4.2));
#2861=CARTESIAN_POINT('',(0.0999999999999979,62.075,4.2));
#2862=CARTESIAN_POINT('',(0.0999999999999979,62.075,4.2));
#2863=CARTESIAN_POINT('',(0.0999999999999979,62.075,4.2));
#2864=CARTESIAN_POINT('Origin',(43.575,57.075,4.2));
#2865=CARTESIAN_POINT('',(43.575,62.075,4.2));
#2866=CARTESIAN_POINT('',(43.575,59.575,4.2));
#2867=CARTESIAN_POINT('',(48.575,62.075,4.2));
#2868=CARTESIAN_POINT('',(48.575,62.075,4.2));
#2869=CARTESIAN_POINT('',(48.575,57.075,4.2));
#2870=CARTESIAN_POINT('',(48.575,62.075,4.2));
#2871=CARTESIAN_POINT('',(21.8375,57.075,4.2));
#2872=CARTESIAN_POINT('Origin',(43.575,5.1,4.2));
#2873=CARTESIAN_POINT('',(48.575,5.1,4.2));
#2874=CARTESIAN_POINT('',(21.8375,5.1,4.2));
#2875=CARTESIAN_POINT('',(48.575,0.0999999999999979,4.2));
#2876=CARTESIAN_POINT('',(48.575,0.0999999999999979,4.2));
#2877=CARTESIAN_POINT('',(43.575,0.0999999999999979,4.2));
#2878=CARTESIAN_POINT('',(48.575,0.0999999999999979,4.2));
#2879=CARTESIAN_POINT('',(43.575,33.5875,4.2));
#2880=CARTESIAN_POINT('Origin',(0.0999999999999979,10.1,15.));
#2881=CARTESIAN_POINT('',(0.0999999999999979,10.1,12.5));
#2882=CARTESIAN_POINT('',(0.0999999999999979,10.1,12.5));
#2883=CARTESIAN_POINT('',(0.0999999999999979,10.1,15.));
#2884=CARTESIAN_POINT('',(0.0999999999999979,10.1,15.));
#2885=CARTESIAN_POINT('',(12.21875,10.1,15.));
#2886=CARTESIAN_POINT('Origin',(0.0999999999999979,10.1,12.5));
#2887=CARTESIAN_POINT('',(0.0999999999999979,5.1,4.2));
#2888=CARTESIAN_POINT('',(2.6,5.1,4.2));
#2889=CARTESIAN_POINT('',(0.0999999999999979,9.32116306315901,11.207130684844));
#2890=CARTESIAN_POINT('Origin',(5.1,5.1,4.2));
#2891=CARTESIAN_POINT('',(5.1,0.0999999999999979,4.2));
#2892=CARTESIAN_POINT('',(5.1,33.5875,4.2));
#2893=CARTESIAN_POINT('',(0.0999999999999979,0.0999999999999979,4.2));
#2894=CARTESIAN_POINT('',(0.0999999999999979,0.0999999999999979,4.2));
#2895=CARTESIAN_POINT('',(0.0999999999999979,0.0999999999999979,4.2));
#2896=CARTESIAN_POINT('Origin',(10.1,62.075,12.5));
#2897=CARTESIAN_POINT('',(10.1,0.0999999999999979,12.5));
#2898=CARTESIAN_POINT('',(10.1,32.3375,12.5));
#2899=CARTESIAN_POINT('',(10.6525082543402,0.100000000000002,13.4171637022047));
#2900=CARTESIAN_POINT('Origin',(10.1,2.6,15.));
#2901=CARTESIAN_POINT('',(10.1,0.0999999999999979,15.));
#2902=CARTESIAN_POINT('',(10.1,16.84375,15.));
#2903=CARTESIAN_POINT('',(10.1,0.0999999999999979,15.));
#2904=CARTESIAN_POINT('Origin',(28.0875000000009,70.925,12.5));
#2905=CARTESIAN_POINT('',(28.0875000000009,70.925,12.5));
#2906=CARTESIAN_POINT('',(28.0875000000009,70.925,15.0000000000009));
#2907=CARTESIAN_POINT('',(28.0875000000009,70.925,13.75));
#2908=CARTESIAN_POINT('',(28.0875000000009,69.975,12.5));
#2909=CARTESIAN_POINT('',(28.0875000000009,51.00625,12.5));
#2910=CARTESIAN_POINT('',(28.0875000000009,69.975,15.0000000000009));
#2911=CARTESIAN_POINT('',(28.0875000000009,69.975,12.5));
#2912=CARTESIAN_POINT('',(28.0875000000009,70.925,15.0000000000009));
#2913=CARTESIAN_POINT('Origin',(20.5875000000009,70.925,15.0000000000009));
#2914=CARTESIAN_POINT('',(20.5875000000009,70.925,15.0000000000009));
#2915=CARTESIAN_POINT('',(20.5875000000009,70.925,12.5));
#2916=CARTESIAN_POINT('',(20.5875000000009,70.925,15.0000000000004));
#2917=CARTESIAN_POINT('',(20.5875000000009,69.975,15.0000000000009));
#2918=CARTESIAN_POINT('',(20.5875000000009,70.925,15.0000000000009));
#2919=CARTESIAN_POINT('',(20.5875000000009,69.975,12.5));
#2920=CARTESIAN_POINT('',(20.5875000000009,69.975,15.0000000000009));
#2921=CARTESIAN_POINT('',(20.5875000000009,51.00625,12.5));
#2922=CARTESIAN_POINT('Origin',(28.0875000000009,70.925,15.0000000000009));
#2923=CARTESIAN_POINT('',(40.2562500000005,70.925,15.0000000000009));
#2924=CARTESIAN_POINT('',(28.0875000000009,69.975,15.0000000000009));
#2925=CARTESIAN_POINT('Origin',(24.3375000000009,69.975,13.7500000000004));
#2926=CARTESIAN_POINT('',(24.3375000000005,69.975,12.5));
#2927=CARTESIAN_POINT('Origin',(24.3375,31.0875,12.5));
#2928=CARTESIAN_POINT('',(52.425,70.925,12.5));
#2929=CARTESIAN_POINT('',(52.425,70.925,12.5));
#2930=CARTESIAN_POINT('',(57.425,65.925,12.5));
#2931=CARTESIAN_POINT('Origin',(52.425,65.925,12.5));
#2932=CARTESIAN_POINT('',(57.425,-3.75,12.5));
#2933=CARTESIAN_POINT('',(57.425,-3.75,12.5));
#2934=CARTESIAN_POINT('',(52.425,-8.75,12.5));
#2935=CARTESIAN_POINT('Origin',(52.425,-3.75,12.5));
#2936=CARTESIAN_POINT('',(28.0875000000009,-8.75,12.5));
#2937=CARTESIAN_POINT('',(-3.75,-8.75,12.5));
#2938=CARTESIAN_POINT('',(28.0875000000009,-7.8,12.5));
#2939=CARTESIAN_POINT('',(28.0875000000009,11.16875,12.5));
#2940=CARTESIAN_POINT('',(20.5875000000009,-7.8,12.5));
#2941=CARTESIAN_POINT('',(24.3375000000005,-7.8,12.5));
#2942=CARTESIAN_POINT('',(20.5875000000009,-8.75,12.5));
#2943=CARTESIAN_POINT('',(20.5875000000009,11.16875,12.5));
#2944=CARTESIAN_POINT('',(-3.75,-8.75,12.5));
#2945=CARTESIAN_POINT('',(-3.75,-8.75,12.5));
#2946=CARTESIAN_POINT('',(-8.75,-3.75,12.5));
#2947=CARTESIAN_POINT('Origin',(-3.75,-3.75,12.5));
#2948=CARTESIAN_POINT('',(-8.75,65.925,12.5));
#2949=CARTESIAN_POINT('',(-8.75,65.925,12.5));
#2950=CARTESIAN_POINT('',(-3.74999999999999,70.925,12.5));
#2951=CARTESIAN_POINT('Origin',(-3.74999999999999,65.925,12.5));
#2952=CARTESIAN_POINT('',(52.425,70.925,12.5));
#2953=CARTESIAN_POINT('',(-6.85,-3.75,12.5));
#2954=CARTESIAN_POINT('',(-3.75,-6.85,12.5));
#2955=CARTESIAN_POINT('Origin',(-3.79153818946024,-3.79153818946024,12.5));
#2956=CARTESIAN_POINT('',(52.425,-6.85,12.5));
#2957=CARTESIAN_POINT('',(10.29375,-6.85,12.5));
#2958=CARTESIAN_POINT('',(55.525,-3.75,12.5));
#2959=CARTESIAN_POINT('Origin',(52.4665381894602,-3.79153818946022,12.5));
#2960=CARTESIAN_POINT('',(55.525,65.925,12.5));
#2961=CARTESIAN_POINT('',(55.525,13.66875,12.5));
#2962=CARTESIAN_POINT('',(52.425,69.025,12.5));
#2963=CARTESIAN_POINT('Origin',(52.4665381894603,65.9665381894603,12.5));
#2964=CARTESIAN_POINT('',(-3.74999999999999,69.025,12.5));
#2965=CARTESIAN_POINT('',(38.38125,69.025,12.5));
#2966=CARTESIAN_POINT('',(-6.85,65.925,12.5));
#2967=CARTESIAN_POINT('Origin',(-3.79153818946024,65.9665381894603,12.5));
#2968=CARTESIAN_POINT('',(-6.85,48.50625,12.5));
#2969=CARTESIAN_POINT('Origin',(28.0875000000009,-8.75,15.0000000000009));
#2970=CARTESIAN_POINT('',(28.0875000000009,-8.75,15.0000000000009));
#2971=CARTESIAN_POINT('',(28.0875000000009,-8.75,15.0000000000004));
#2972=CARTESIAN_POINT('',(28.0875000000009,-7.8,15.0000000000009));
#2973=CARTESIAN_POINT('',(28.0875000000009,-8.75,15.0000000000009));
#2974=CARTESIAN_POINT('',(28.0875000000009,-7.8,10.0000000000009));
#2975=CARTESIAN_POINT('Origin',(20.5875000000009,-8.75,15.0000000000009));
#2976=CARTESIAN_POINT('',(20.5875000000009,-8.75,15.0000000000009));
#2977=CARTESIAN_POINT('',(8.41875000000045,-8.75,15.0000000000009));
#2978=CARTESIAN_POINT('',(20.5875000000009,-7.8,15.0000000000009));
#2979=CARTESIAN_POINT('',(20.5875000000009,-8.75,15.0000000000009));
#2980=CARTESIAN_POINT('',(28.0875000000009,-7.8,15.0000000000009));
#2981=CARTESIAN_POINT('Origin',(20.5875000000009,-8.75,12.5));
#2982=CARTESIAN_POINT('',(20.5875000000009,-8.75,13.75));
#2983=CARTESIAN_POINT('',(20.5875000000009,-7.8,15.0000000000009));
#2984=CARTESIAN_POINT('Origin',(24.3375000000009,-7.8,13.7500000000004));
#2985=CARTESIAN_POINT('Origin',(-3.79153818946024,-3.79153818946024,12.5));
#2986=CARTESIAN_POINT('',(-6.85,-3.75,15.));
#2987=CARTESIAN_POINT('',(-6.85,-3.75,15.));
#2988=CARTESIAN_POINT('',(-3.75,-6.85,15.));
#2989=CARTESIAN_POINT('Origin',(-3.79153818946024,-3.79153818946024,15.));
#2990=CARTESIAN_POINT('',(-3.75,-6.85,15.));
#2991=CARTESIAN_POINT('Origin',(52.4665381894602,-3.79153818946022,12.5));
#2992=CARTESIAN_POINT('',(52.425,-6.85,15.));
#2993=CARTESIAN_POINT('',(52.425,-6.85,15.));
#2994=CARTESIAN_POINT('',(55.525,-3.75,15.));
#2995=CARTESIAN_POINT('Origin',(52.4665381894602,-3.79153818946022,15.));
#2996=CARTESIAN_POINT('',(55.525,-3.75,15.));
#2997=CARTESIAN_POINT('Origin',(-3.79153818946024,65.9665381894603,12.5));
#2998=CARTESIAN_POINT('',(-3.74999999999999,69.025,15.));
#2999=CARTESIAN_POINT('',(-3.74999999999999,69.025,15.));
#3000=CARTESIAN_POINT('',(-6.85,65.925,15.));
#3001=CARTESIAN_POINT('Origin',(-3.79153818946024,65.9665381894603,15.));
#3002=CARTESIAN_POINT('',(-6.85,65.925,15.));
#3003=CARTESIAN_POINT('Origin',(52.4665381894603,65.9665381894603,12.5));
#3004=CARTESIAN_POINT('',(55.525,65.925,15.));
#3005=CARTESIAN_POINT('',(55.525,65.925,15.));
#3006=CARTESIAN_POINT('',(52.425,69.025,15.));
#3007=CARTESIAN_POINT('Origin',(52.4665381894603,65.9665381894603,15.));
#3008=CARTESIAN_POINT('',(52.425,69.025,15.));
#3009=CARTESIAN_POINT('Origin',(55.525,-3.75,15.));
#3010=CARTESIAN_POINT('',(55.525,13.66875,15.));
#3011=CARTESIAN_POINT('Origin',(-6.85,65.925,15.));
#3012=CARTESIAN_POINT('',(-6.85,48.50625,15.));
#3013=CARTESIAN_POINT('Origin',(44.2873482346965,-6.75,13.375));
#3014=CARTESIAN_POINT('',(4.3873482346965,-6.75,13.375));
#3015=CARTESIAN_POINT('',(44.2873482346965,-6.75,13.375));
#3016=CARTESIAN_POINT('',(10.2936741173482,-6.75,13.375));
#3017=CARTESIAN_POINT('',(44.2873482346965,-6.85,13.375));
#3018=CARTESIAN_POINT('',(44.2873482346965,-6.75,13.375));
#3019=CARTESIAN_POINT('',(4.3873482346965,-6.85,13.375));
#3020=CARTESIAN_POINT('',(10.2936741173482,-6.85,13.375));
#3021=CARTESIAN_POINT('',(4.3873482346965,-6.75,13.375));
#3022=CARTESIAN_POINT('Origin',(4.3873482346965,-6.75,14.125));
#3023=CARTESIAN_POINT('',(44.2873482346965,-6.75,14.125));
#3024=CARTESIAN_POINT('',(4.3873482346965,-6.75,14.125));
#3025=CARTESIAN_POINT('',(10.2936741173482,-6.75,14.125));
#3026=CARTESIAN_POINT('',(4.3873482346965,-6.85,14.125));
#3027=CARTESIAN_POINT('',(4.3873482346965,-6.75,14.125));
#3028=CARTESIAN_POINT('',(44.2873482346965,-6.85,14.125));
#3029=CARTESIAN_POINT('',(10.2936741173482,-6.85,14.125));
#3030=CARTESIAN_POINT('',(44.2873482346965,-6.75,14.125));
#3031=CARTESIAN_POINT('Origin',(-3.75,-6.85,15.));
#3032=CARTESIAN_POINT('',(10.29375,-6.85,15.));
#3033=CARTESIAN_POINT('',(4.3873482346965,-6.85,14.375));
#3034=CARTESIAN_POINT('',(44.2873482346965,-6.85,14.375));
#3035=CARTESIAN_POINT('Origin',(44.3373482346965,68.925,14.12458661416));
#3036=CARTESIAN_POINT('',(44.3373482346965,68.92527559056,14.12458661416));
#3037=CARTESIAN_POINT('',(44.2873482346965,68.92527559056,14.12458661416));
#3038=CARTESIAN_POINT('',(34.3373482346965,68.92527559056,14.12458661416));
#3039=CARTESIAN_POINT('',(44.3373482346965,69.025,14.12458661416));
#3040=CARTESIAN_POINT('',(44.3373482346965,68.925,14.12458661416));
#3041=CARTESIAN_POINT('',(4.3373482346965,69.025,14.12458661416));
#3042=CARTESIAN_POINT('',(38.3811741173483,69.025,14.12458661416));
#3043=CARTESIAN_POINT('',(4.3373482346965,68.92527559056,14.12458661416));
#3044=CARTESIAN_POINT('',(4.3373482346965,68.925,14.12458661416));
#3045=CARTESIAN_POINT('',(4.3873482346965,68.92527559056,14.12458661416));
#3046=CARTESIAN_POINT('',(34.3373482346965,68.92527559056,14.12458661416));
#3047=CARTESIAN_POINT('',(4.3873482346965,68.925,14.12458661416));
#3048=CARTESIAN_POINT('',(4.3873482346965,68.86263779528,14.12458661416));
#3049=CARTESIAN_POINT('',(44.2873482346965,68.925,14.12458661416));
#3050=CARTESIAN_POINT('',(38.3811741173483,68.925,14.12458661416));
#3051=CARTESIAN_POINT('',(44.2873482346965,68.86263779528,14.12458661416));
#3052=CARTESIAN_POINT('Origin',(4.3373482346965,68.925,14.12458661416));
#3053=CARTESIAN_POINT('',(4.3373482346965,68.92527559056,13.37541338584));
#3054=CARTESIAN_POINT('',(4.3373482346965,68.92527559056,14.125));
#3055=CARTESIAN_POINT('',(4.3373482346965,69.025,13.37541338584));
#3056=CARTESIAN_POINT('',(4.3373482346965,69.025,14.375));
#3057=CARTESIAN_POINT('',(4.3373482346965,68.925,13.37541338584));
#3058=CARTESIAN_POINT('Origin',(44.3373482346965,68.925,13.37541338584));
#3059=CARTESIAN_POINT('',(44.3373482346965,68.92527559056,13.37541338584));
#3060=CARTESIAN_POINT('',(44.3373482346965,68.92527559056,14.125));
#3061=CARTESIAN_POINT('',(44.3373482346965,69.025,13.37541338584));
#3062=CARTESIAN_POINT('',(44.3373482346965,68.925,13.37541338584));
#3063=CARTESIAN_POINT('',(44.3373482346965,69.025,14.375));
#3064=CARTESIAN_POINT('Origin',(4.3373482346965,68.925,13.37541338584));
#3065=CARTESIAN_POINT('',(44.2873482346965,68.92527559056,13.37541338584));
#3066=CARTESIAN_POINT('',(14.3373482346965,68.92527559056,13.37541338584));
#3067=CARTESIAN_POINT('',(44.2873482346965,68.925,13.37541338584));
#3068=CARTESIAN_POINT('',(44.2873482346965,68.86263779528,13.37541338584));
#3069=CARTESIAN_POINT('',(4.3873482346965,68.925,13.37541338584));
#3070=CARTESIAN_POINT('',(38.3811741173483,68.925,13.37541338584));
#3071=CARTESIAN_POINT('',(4.3873482346965,68.92527559056,13.37541338584));
#3072=CARTESIAN_POINT('',(4.3873482346965,68.86263779528,13.37541338584));
#3073=CARTESIAN_POINT('',(14.3373482346965,68.92527559056,13.37541338584));
#3074=CARTESIAN_POINT('',(38.3811741173483,69.025,13.37541338584));
#3075=CARTESIAN_POINT('Origin',(52.425,69.025,15.));
#3076=CARTESIAN_POINT('',(38.38125,69.025,15.));
#3077=CARTESIAN_POINT('Origin',(44.2873482346965,68.80027559056,13.75));
#3078=CARTESIAN_POINT('',(44.2873482346965,68.67527559056,13.75));
#3079=CARTESIAN_POINT('',(44.2873482346965,68.67527559056,13.75));
#3080=CARTESIAN_POINT('',(44.2873482346965,68.67527559056,13.75));
#3081=CARTESIAN_POINT('',(44.2873482346965,68.92527559056,13.5625));
#3082=CARTESIAN_POINT('Origin',(24.3373482346965,68.92527559056,13.375));
#3083=CARTESIAN_POINT('',(4.3873482346965,68.92527559056,13.5625));
#3084=CARTESIAN_POINT('Origin',(4.3873482346965,68.80027559056,13.75));
#3085=CARTESIAN_POINT('',(4.3873482346965,68.67527559056,13.75));
#3086=CARTESIAN_POINT('',(4.3873482346965,68.67527559056,13.75));
#3087=CARTESIAN_POINT('',(4.3873482346965,68.67527559056,13.75));
#3088=CARTESIAN_POINT('Origin',(24.3373482346965,68.92527559056,14.125));
#3089=CARTESIAN_POINT('',(24.3373482346965,68.67527559056,13.75));
#3090=CARTESIAN_POINT('Origin',(24.3373482346965,68.67527559056,13.75));
#3091=CARTESIAN_POINT('Origin',(4.3873482346965,-6.625,13.75));
#3092=CARTESIAN_POINT('',(4.3873482346965,-6.5,13.75));
#3093=CARTESIAN_POINT('',(4.3873482346965,-6.5,13.75));
#3094=CARTESIAN_POINT('',(4.3873482346965,-6.5,13.75));
#3095=CARTESIAN_POINT('Origin',(24.3373482346965,-6.75,13.375));
#3096=CARTESIAN_POINT('',(44.2873482346965,-6.5,13.75));
#3097=CARTESIAN_POINT('',(24.3373482346965,-6.5,13.75));
#3098=CARTESIAN_POINT('',(44.2873482346965,-6.5,13.75));
#3099=CARTESIAN_POINT('Origin',(24.3373482346965,-6.5,13.75));
#3100=CARTESIAN_POINT('',(44.2873482346965,-6.5,13.75));
#3101=CARTESIAN_POINT('Origin',(44.2873482346965,-6.625,13.75));
#3102=CARTESIAN_POINT('Origin',(24.3373482346965,68.92527559056,13.375));
#3103=CARTESIAN_POINT('Origin',(-3.74999999999999,65.925,15.));
#3104=CARTESIAN_POINT('',(-8.75,65.925,17.5));
#3105=CARTESIAN_POINT('',(-8.75,65.925,15.));
#3106=CARTESIAN_POINT('',(-3.74999999999999,70.925,17.5));
#3107=CARTESIAN_POINT('Origin',(-3.74999999999999,65.925,17.5));
#3108=CARTESIAN_POINT('',(-3.74999999999999,70.925,15.));
#3109=CARTESIAN_POINT('Origin',(-8.75,65.925,15.));
#3110=CARTESIAN_POINT('',(-8.75,-3.75,17.5));
#3111=CARTESIAN_POINT('',(-8.75,-3.75,15.));
#3112=CARTESIAN_POINT('',(-8.75,65.925,17.5));
#3113=CARTESIAN_POINT('Origin',(-3.75,-3.75,15.));
#3114=CARTESIAN_POINT('',(-3.75,-8.75,17.5));
#3115=CARTESIAN_POINT('',(-3.75,-8.75,15.));
#3116=CARTESIAN_POINT('Origin',(-3.75,-3.75,17.5));
#3117=CARTESIAN_POINT('Origin',(-3.75,-8.75,15.));
#3118=CARTESIAN_POINT('',(52.425,-8.75,17.5));
#3119=CARTESIAN_POINT('',(52.425,-8.75,15.));
#3120=CARTESIAN_POINT('',(-3.75,-8.75,17.5));
#3121=CARTESIAN_POINT('Origin',(52.425,-3.75,15.));
#3122=CARTESIAN_POINT('',(57.425,-3.75,17.5));
#3123=CARTESIAN_POINT('',(57.425,-3.75,15.));
#3124=CARTESIAN_POINT('Origin',(52.425,-3.75,17.5));
#3125=CARTESIAN_POINT('Origin',(57.425,-3.75,15.));
#3126=CARTESIAN_POINT('',(57.425,65.925,17.5));
#3127=CARTESIAN_POINT('',(57.425,65.925,15.));
#3128=CARTESIAN_POINT('',(57.425,-3.75,17.5));
#3129=CARTESIAN_POINT('Origin',(52.425,65.925,15.));
#3130=CARTESIAN_POINT('',(52.425,70.925,17.5));
#3131=CARTESIAN_POINT('',(52.425,70.925,15.));
#3132=CARTESIAN_POINT('Origin',(52.425,65.925,17.5));
#3133=CARTESIAN_POINT('Origin',(52.425,70.925,15.));
#3134=CARTESIAN_POINT('',(52.425,70.925,17.5));
#3135=CARTESIAN_POINT('Origin',(38.575,62.075,15.));
#3136=CARTESIAN_POINT('',(38.575,62.075,12.5));
#3137=CARTESIAN_POINT('',(40.5224917456598,62.075,9.2671637022047));
#3138=CARTESIAN_POINT('',(38.575,62.075,15.));
#3139=CARTESIAN_POINT('',(38.575,62.075,15.));
#3140=CARTESIAN_POINT('',(48.575,62.075,15.));
#3141=CARTESIAN_POINT('',(31.45625,62.075,15.));
#3142=CARTESIAN_POINT('',(48.575,62.075,15.));
#3143=CARTESIAN_POINT('Origin',(48.575,52.075,15.));
#3144=CARTESIAN_POINT('',(48.575,52.075,12.5));
#3145=CARTESIAN_POINT('',(24.3375,52.075,12.5));
#3146=CARTESIAN_POINT('',(48.575,52.075,15.));
#3147=CARTESIAN_POINT('',(48.575,52.075,15.));
#3148=CARTESIAN_POINT('',(36.45625,52.075,15.));
#3149=CARTESIAN_POINT('Origin',(46.075,10.1,15.));
#3150=CARTESIAN_POINT('',(48.575,10.1,15.));
#3151=CARTESIAN_POINT('',(35.20625,10.1,15.));
#3152=CARTESIAN_POINT('',(48.575,10.1,12.5));
#3153=CARTESIAN_POINT('',(48.575,10.1,15.));
#3154=CARTESIAN_POINT('',(23.0875,10.1,12.5));
#3155=CARTESIAN_POINT('Origin',(0.0999999999999979,52.075,15.));
#3156=CARTESIAN_POINT('',(0.0999999999999979,52.075,12.5));
#3157=CARTESIAN_POINT('',(0.0999999999999979,54.0224917456598,9.26716370220471));
#3158=CARTESIAN_POINT('',(0.0999999999999979,52.075,15.));
#3159=CARTESIAN_POINT('',(0.0999999999999979,52.075,15.));
#3160=CARTESIAN_POINT('',(0.0999999999999979,62.075,15.));
#3161=CARTESIAN_POINT('',(0.0999999999999979,41.58125,15.));
#3162=CARTESIAN_POINT('',(0.0999999999999979,62.075,15.));
#3163=CARTESIAN_POINT('Origin',(0.0999999999999979,0.0999999999999979,15.));
#3164=CARTESIAN_POINT('',(0.0999999999999979,0.0999999999999979,15.));
#3165=CARTESIAN_POINT('',(0.0999999999999979,0.0999999999999979,15.));
#3166=CARTESIAN_POINT('',(0.0999999999999979,15.59375,15.));
#3167=CARTESIAN_POINT('Origin',(48.575,10.1,15.));
#3168=CARTESIAN_POINT('',(48.575,10.6525082543402,13.4171637022047));
#3169=CARTESIAN_POINT('',(48.575,0.0999999999999979,15.));
#3170=CARTESIAN_POINT('',(48.575,20.59375,15.));
#3171=CARTESIAN_POINT('',(48.575,0.0999999999999979,15.));
#3172=CARTESIAN_POINT('Origin',(2.6,52.075,15.));
#3173=CARTESIAN_POINT('',(13.46875,52.075,15.));
#3174=CARTESIAN_POINT('',(1.35,52.075,12.5));
#3175=CARTESIAN_POINT('Origin',(48.575,62.075,15.));
#3176=CARTESIAN_POINT('',(48.575,55.353836936841,7.05713068484396));
#3177=CARTESIAN_POINT('',(48.575,46.58125,15.));
#3178=CARTESIAN_POINT('Origin',(0.0999999999999979,10.1,12.5));
#3179=CARTESIAN_POINT('Origin',(0.0999999999999979,57.075,4.2));
#3180=CARTESIAN_POINT('Origin',(0.0999999999999979,57.075,4.2));
#3181=CARTESIAN_POINT('Origin',(10.1,0.0999999999999979,15.));
#3182=CARTESIAN_POINT('',(17.21875,0.0999999999999979,15.));
#3183=CARTESIAN_POINT('Origin',(0.0999999999999979,62.075,15.));
#3184=CARTESIAN_POINT('',(12.21875,62.075,15.));
#3185=CARTESIAN_POINT('Origin',(38.575,59.575,15.));
#3186=CARTESIAN_POINT('',(38.575,45.33125,15.));
#3187=CARTESIAN_POINT('',(38.575,60.825,12.4999999999999));
#3188=CARTESIAN_POINT('Origin',(48.575,0.0999999999999979,15.));
#3189=CARTESIAN_POINT('',(38.575,0.0999999999999979,12.5));
#3190=CARTESIAN_POINT('',(41.853836936841,0.100000000000002,7.05713068484396));
#3191=CARTESIAN_POINT('',(38.575,0.0999999999999979,15.));
#3192=CARTESIAN_POINT('',(36.45625,0.0999999999999979,15.));
#3193=CARTESIAN_POINT('',(38.575,0.0999999999999979,15.));
#3194=CARTESIAN_POINT('Origin',(38.575,0.0999999999999979,15.));
#3195=CARTESIAN_POINT('',(38.575,31.0875,12.4999999999999));
#3196=CARTESIAN_POINT('',(38.575,15.59375,15.));
#3197=CARTESIAN_POINT('Origin',(43.575,62.075,4.2));
#3198=CARTESIAN_POINT('Origin',(43.575,62.075,4.2));
#3199=CARTESIAN_POINT('Origin',(24.3375,31.0875,15.));
#3200=CARTESIAN_POINT('',(6.1,3.1,15.));
#3201=CARTESIAN_POINT('',(42.575,3.1,15.));
#3202=CARTESIAN_POINT('',(15.21875,3.1,15.));
#3203=CARTESIAN_POINT('',(45.575,6.1,15.));
#3204=CARTESIAN_POINT('Origin',(42.575,6.1,15.));
#3205=CARTESIAN_POINT('',(45.575,56.075,15.));
#3206=CARTESIAN_POINT('',(45.575,18.59375,15.));
#3207=CARTESIAN_POINT('',(42.575,59.075,15.));
#3208=CARTESIAN_POINT('Origin',(42.575,56.075,15.));
#3209=CARTESIAN_POINT('',(6.1,59.075,15.));
#3210=CARTESIAN_POINT('',(33.45625,59.075,15.));
#3211=CARTESIAN_POINT('',(3.1,56.075,15.));
#3212=CARTESIAN_POINT('Origin',(6.1,56.075,15.));
#3213=CARTESIAN_POINT('',(3.1,6.1,15.));
#3214=CARTESIAN_POINT('',(3.1,43.58125,15.));
#3215=CARTESIAN_POINT('Origin',(6.1,6.1,15.));
#3216=CARTESIAN_POINT('Origin',(24.3375,31.0875,17.5));
#3217=CARTESIAN_POINT('',(42.575,3.1,17.5));
#3218=CARTESIAN_POINT('',(6.1,3.1,17.5));
#3219=CARTESIAN_POINT('',(15.21875,3.1,17.5));
#3220=CARTESIAN_POINT('',(3.1,6.1,17.5));
#3221=CARTESIAN_POINT('Origin',(6.1,6.1,17.5));
#3222=CARTESIAN_POINT('',(3.1,56.075,17.5));
#3223=CARTESIAN_POINT('',(3.1,43.58125,17.5));
#3224=CARTESIAN_POINT('',(6.1,59.075,17.5));
#3225=CARTESIAN_POINT('Origin',(6.1,56.075,17.5));
#3226=CARTESIAN_POINT('',(42.575,59.075,17.5));
#3227=CARTESIAN_POINT('',(33.45625,59.075,17.5));
#3228=CARTESIAN_POINT('',(45.575,56.075,17.5));
#3229=CARTESIAN_POINT('Origin',(42.575,56.075,17.5));
#3230=CARTESIAN_POINT('',(45.575,6.09999999999999,17.5));
#3231=CARTESIAN_POINT('',(45.575,18.59375,17.5));
#3232=CARTESIAN_POINT('Origin',(42.575,6.1,17.5));
#3233=CARTESIAN_POINT('Origin',(42.575,6.1,15.));
#3234=CARTESIAN_POINT('',(42.575,3.1,15.));
#3235=CARTESIAN_POINT('',(45.575,6.1,15.));
#3236=CARTESIAN_POINT('Origin',(45.575,6.1,15.));
#3237=CARTESIAN_POINT('',(45.575,56.075,15.));
#3238=CARTESIAN_POINT('Origin',(42.575,56.075,15.));
#3239=CARTESIAN_POINT('',(42.575,59.075,15.));
#3240=CARTESIAN_POINT('Origin',(42.575,59.075,15.));
#3241=CARTESIAN_POINT('',(6.1,59.075,15.));
#3242=CARTESIAN_POINT('Origin',(6.1,56.075,15.));
#3243=CARTESIAN_POINT('',(3.1,56.075,15.));
#3244=CARTESIAN_POINT('Origin',(3.1,56.075,15.));
#3245=CARTESIAN_POINT('',(3.1,6.1,15.));
#3246=CARTESIAN_POINT('Origin',(6.1,6.1,15.));
#3247=CARTESIAN_POINT('',(6.1,3.1,15.));
#3248=CARTESIAN_POINT('Origin',(6.1,3.1,15.));
#3249=CARTESIAN_POINT('Origin',(44.075,45.0815,15.));
#3250=CARTESIAN_POINT('',(44.075,17.0935,15.));
#3251=CARTESIAN_POINT('',(44.075,45.0815,15.));
#3252=CARTESIAN_POINT('',(44.075,6.1,15.));
#3253=CARTESIAN_POINT('',(44.075,17.0935,17.5));
#3254=CARTESIAN_POINT('',(44.075,17.0935,15.));
#3255=CARTESIAN_POINT('',(44.075,45.0815,17.5));
#3256=CARTESIAN_POINT('',(44.075,6.1,17.5));
#3257=CARTESIAN_POINT('',(44.075,45.0815,15.));
#3258=CARTESIAN_POINT('Origin',(45.575,45.0815,15.));
#3259=CARTESIAN_POINT('',(45.575,45.0815,15.));
#3260=CARTESIAN_POINT('',(44.075,45.0815,15.));
#3261=CARTESIAN_POINT('',(45.575,45.0815,17.5));
#3262=CARTESIAN_POINT('',(44.075,45.0815,17.5));
#3263=CARTESIAN_POINT('',(45.575,45.0815,15.));
#3264=CARTESIAN_POINT('Origin',(45.575,17.0935,15.));
#3265=CARTESIAN_POINT('',(45.575,17.0935,15.));
#3266=CARTESIAN_POINT('',(45.575,6.1,15.));
#3267=CARTESIAN_POINT('',(45.575,17.0935,17.5));
#3268=CARTESIAN_POINT('',(45.575,6.1,17.5));
#3269=CARTESIAN_POINT('',(45.575,17.0935,15.));
#3270=CARTESIAN_POINT('Origin',(44.075,17.0935,15.));
#3271=CARTESIAN_POINT('',(44.075,17.0935,15.));
#3272=CARTESIAN_POINT('',(44.075,17.0935,17.5));
#3273=CARTESIAN_POINT('Origin',(44.825,31.0875,17.5));
#3274=CARTESIAN_POINT('Origin',(44.825,31.0875,15.));
#3275=CARTESIAN_POINT('Origin',(3.1,17.0935,15.));
#3276=CARTESIAN_POINT('',(4.6,17.0935,15.));
#3277=CARTESIAN_POINT('',(3.1,17.0935,15.));
#3278=CARTESIAN_POINT('',(4.6,17.0935,15.));
#3279=CARTESIAN_POINT('',(4.6,17.0935,17.5));
#3280=CARTESIAN_POINT('',(4.6,17.0935,15.));
#3281=CARTESIAN_POINT('',(3.1,17.0935,17.5));
#3282=CARTESIAN_POINT('',(4.6,17.0935,17.5));
#3283=CARTESIAN_POINT('',(3.1,17.0935,15.));
#3284=CARTESIAN_POINT('Origin',(3.1,45.0815,15.));
#3285=CARTESIAN_POINT('',(3.1,45.0815,15.));
#3286=CARTESIAN_POINT('',(3.1,56.075,15.));
#3287=CARTESIAN_POINT('',(3.1,45.0815,17.5));
#3288=CARTESIAN_POINT('',(3.1,56.075,17.5));
#3289=CARTESIAN_POINT('',(3.1,45.0815,15.));
#3290=CARTESIAN_POINT('Origin',(4.6,45.0815,15.));
#3291=CARTESIAN_POINT('',(4.6,45.0815,15.));
#3292=CARTESIAN_POINT('',(4.6,45.0815,15.));
#3293=CARTESIAN_POINT('',(4.6,45.0815,17.5));
#3294=CARTESIAN_POINT('',(4.6,45.0815,17.5));
#3295=CARTESIAN_POINT('',(4.6,45.0815,15.));
#3296=CARTESIAN_POINT('Origin',(4.6,17.0935,15.));
#3297=CARTESIAN_POINT('',(4.6,56.075,15.));
#3298=CARTESIAN_POINT('',(4.6,56.075,17.5));
#3299=CARTESIAN_POINT('Origin',(3.85,31.0875,17.5));
#3300=CARTESIAN_POINT('Origin',(3.85,31.0875,15.));
#3301=UNCERTAINTY_MEASURE_WITH_UNIT(LENGTH_MEASURE(0.01),#3305,
'DISTANCE_ACCURACY_VALUE',
'Maximum model space distance between geometric entities at asserted c
onnectivities');
#3302=UNCERTAINTY_MEASURE_WITH_UNIT(LENGTH_MEASURE(0.01),#3305,
'DISTANCE_ACCURACY_VALUE',
'Maximum model space distance between geometric entities at asserted c
onnectivities');
#3303=(
GEOMETRIC_REPRESENTATION_CONTEXT(3)
GLOBAL_UNCERTAINTY_ASSIGNED_CONTEXT((#3301))
GLOBAL_UNIT_ASSIGNED_CONTEXT((#3305,#3306,#3307))
REPRESENTATION_CONTEXT('','3D')
);
#3304=(
GEOMETRIC_REPRESENTATION_CONTEXT(3)
GLOBAL_UNCERTAINTY_ASSIGNED_CONTEXT((#3302))
GLOBAL_UNIT_ASSIGNED_CONTEXT((#3305,#3306,#3307))
REPRESENTATION_CONTEXT('','3D')
);
#3305=(
LENGTH_UNIT()
NAMED_UNIT(*)
SI_UNIT(.MILLI.,.METRE.)
);
#3306=(
NAMED_UNIT(*)
PLANE_ANGLE_UNIT()
SI_UNIT($,.RADIAN.)
);
#3307=(
NAMED_UNIT(*)
SI_UNIT($,.STERADIAN.)
SOLID_ANGLE_UNIT()
);
#3308=SHAPE_DEFINITION_REPRESENTATION(#3309,#3310);
#3309=PRODUCT_DEFINITION_SHAPE('',$,#3312);
#3310=SHAPE_REPRESENTATION('',(#2045),#3303);
#3311=PRODUCT_DEFINITION_CONTEXT('part definition',#3316,'design');
#3312=PRODUCT_DEFINITION('Untitled','Untitled v5',#3313,#3311);
#3313=PRODUCT_DEFINITION_FORMATION('',$,#3318);
#3314=PRODUCT_RELATED_PRODUCT_CATEGORY('Untitled v5','Untitled v5',(#3318));
#3315=APPLICATION_PROTOCOL_DEFINITION('international standard',
'automotive_design',2009,#3316);
#3316=APPLICATION_CONTEXT(
'Core Data for Automotive Mechanical Design Process');
#3317=PRODUCT_CONTEXT('part definition',#3316,'mechanical');
#3318=PRODUCT('Untitled','Untitled v5',$,(#3317));
#3319=PRESENTATION_STYLE_ASSIGNMENT((#3328));
#3320=PRESENTATION_STYLE_ASSIGNMENT((#3329));
#3321=PRESENTATION_STYLE_ASSIGNMENT((#3330));
#3322=PRESENTATION_STYLE_ASSIGNMENT((#3331));
#3323=PRESENTATION_STYLE_ASSIGNMENT((#3332));
#3324=PRESENTATION_STYLE_ASSIGNMENT((#3333));
#3325=PRESENTATION_STYLE_ASSIGNMENT((#3334));
#3326=PRESENTATION_STYLE_ASSIGNMENT((#3335));
#3327=PRESENTATION_STYLE_ASSIGNMENT((#3336));
#3328=SURFACE_STYLE_USAGE(.BOTH.,#3337);
#3329=SURFACE_STYLE_USAGE(.BOTH.,#3338);
#3330=SURFACE_STYLE_USAGE(.BOTH.,#3339);
#3331=SURFACE_STYLE_USAGE(.BOTH.,#3340);
#3332=SURFACE_STYLE_USAGE(.BOTH.,#3341);
#3333=SURFACE_STYLE_USAGE(.BOTH.,#3342);
#3334=SURFACE_STYLE_USAGE(.BOTH.,#3343);
#3335=SURFACE_STYLE_USAGE(.BOTH.,#3344);
#3336=SURFACE_STYLE_USAGE(.BOTH.,#3345);
#3337=SURFACE_SIDE_STYLE('',(#3346));
#3338=SURFACE_SIDE_STYLE('',(#3347));
#3339=SURFACE_SIDE_STYLE('',(#3348));
#3340=SURFACE_SIDE_STYLE('',(#3349));
#3341=SURFACE_SIDE_STYLE('',(#3350));
#3342=SURFACE_SIDE_STYLE('',(#3351));
#3343=SURFACE_SIDE_STYLE('',(#3352));
#3344=SURFACE_SIDE_STYLE('',(#3353));
#3345=SURFACE_SIDE_STYLE('',(#3354));
#3346=SURFACE_STYLE_FILL_AREA(#3355);
#3347=SURFACE_STYLE_FILL_AREA(#3356);
#3348=SURFACE_STYLE_FILL_AREA(#3357);
#3349=SURFACE_STYLE_FILL_AREA(#3358);
#3350=SURFACE_STYLE_FILL_AREA(#3359);
#3351=SURFACE_STYLE_FILL_AREA(#3360);
#3352=SURFACE_STYLE_FILL_AREA(#3361);
#3353=SURFACE_STYLE_FILL_AREA(#3362);
#3354=SURFACE_STYLE_FILL_AREA(#3363);
#3355=FILL_AREA_STYLE('Opaque(0,96,148)',(#3364));
#3356=FILL_AREA_STYLE('Opaque(255,255,255)',(#3365));
#3357=FILL_AREA_STYLE('Opaque(218,255,199)',(#3366));
#3358=FILL_AREA_STYLE('Opaque(128,64,0)',(#3367));
#3359=FILL_AREA_STYLE('Opaque(128,64,64)',(#3368));
#3360=FILL_AREA_STYLE('Opaque(202,209,238)',(#3369));
#3361=FILL_AREA_STYLE('Opaque(57,57,57)',(#3370));
#3362=FILL_AREA_STYLE('Plastic - Glossy (White)',(#3371));
#3363=FILL_AREA_STYLE('Steel - Satin',(#3372));
#3364=FILL_AREA_STYLE_COLOUR('Opaque(0,96,148)',#3373);
#3365=FILL_AREA_STYLE_COLOUR('Opaque(255,255,255)',#3374);
#3366=FILL_AREA_STYLE_COLOUR('Opaque(218,255,199)',#3375);
#3367=FILL_AREA_STYLE_COLOUR('Opaque(128,64,0)',#3376);
#3368=FILL_AREA_STYLE_COLOUR('Opaque(128,64,64)',#3377);
#3369=FILL_AREA_STYLE_COLOUR('Opaque(202,209,238)',#3378);
#3370=FILL_AREA_STYLE_COLOUR('Opaque(57,57,57)',#3379);
#3371=FILL_AREA_STYLE_COLOUR('Plastic - Glossy (White)',#3380);
#3372=FILL_AREA_STYLE_COLOUR('Steel - Satin',#3381);
#3373=COLOUR_RGB('Opaque(0,96,148)',0.,0.376470588235294,0.580392156862745);
#3374=COLOUR_RGB('Opaque(255,255,255)',1.,1.,1.);
#3375=COLOUR_RGB('Opaque(218,255,199)',0.854901960784314,1.,0.780392156862745);
#3376=COLOUR_RGB('Opaque(128,64,0)',0.501960784313725,0.250980392156863,
0.);
#3377=COLOUR_RGB('Opaque(128,64,64)',0.501960784313725,0.250980392156863,
0.250980392156863);
#3378=COLOUR_RGB('Opaque(202,209,238)',0.792156862745098,0.819607843137255,
0.933333333333333);
#3379=COLOUR_RGB('Opaque(57,57,57)',0.223529411764706,0.223529411764706,
0.223529411764706);
#3380=COLOUR_RGB('Plastic - Glossy (White)',0.964705882352941,0.964705882352941,
0.952941176470588);
#3381=COLOUR_RGB('Steel - Satin',0.627450980392157,0.627450980392157,0.627450980392157);
ENDSEC;
END-ISO-10303-21;
